period_key,period_label,checkin,canonical_property_name,unified_availability_status,source_count,available_source_count,sold_out_source_count,no_data_source_count,median_directional_price,avg_directional_price,price_sample_count,price_confidence,inventory_confidence,latest_collected_at_jst,is_room_only_comp,is_own_property,tier
2026-05_late,2026年5月 下旬（16〜末日）,2026-05-31,名湯リゾート ルーセント,excluded,1,0,0,1,,,0,low,medium,2026-06-01T20:58:30+09:00,false,false,unknown
2026-05_late,2026年5月 下旬（16〜末日）,2026-05-31,蔵王国際ホテル,excluded,1,0,0,1,,,0,low,medium,2026-06-01T20:58:30+09:00,false,false,unknown
2026-06_early,2026年6月 上旬（1〜15日）,2026-06-01,名湯リゾート ルーセント,sold_out,1,0,1,0,,,0,low,medium,2026-06-01T20:58:30+09:00,false,false,unknown
2026-06_early,2026年6月 上旬（1〜15日）,2026-06-01,蔵王国際ホテル,sold_out,1,0,1,0,,,0,low,medium,2026-06-01T20:58:30+09:00,false,false,unknown
2026-06_early,2026年6月 上旬（1〜15日）,2026-06-02,名湯リゾート ルーセント,sold_out,1,0,1,0,,,0,low,medium,2026-06-01T20:58:30+09:00,false,false,unknown
2026-06_early,2026年6月 上旬（1〜15日）,2026-06-02,蔵王国際ホテル,sold_out,1,0,1,0,,,0,low,medium,2026-06-01T20:58:30+09:00,false,false,unknown
2026-06_early,2026年6月 上旬（1〜15日）,2026-06-03,名湯リゾート ルーセント,sold_out,1,0,1,0,,,0,low,medium,2026-06-01T20:58:30+09:00,false,false,unknown
2026-06_early,2026年6月 上旬（1〜15日）,2026-06-03,蔵王国際ホテル,available,1,1,0,0,64790,64790,1,medium,medium,2026-06-01T20:58:30+09:00,false,false,unknown
2026-06_early,2026年6月 上旬（1〜15日）,2026-06-04,名湯リゾート ルーセント,available,1,1,0,0,31900,31900,1,medium,medium,2026-06-01T20:58:30+09:00,false,false,unknown
2026-06_early,2026年6月 上旬（1〜15日）,2026-06-04,蔵王国際ホテル,available,1,1,0,0,64790,64790,1,medium,medium,2026-06-01T20:58:30+09:00,false,false,unknown
2026-06_early,2026年6月 上旬（1〜15日）,2026-06-05,名湯リゾート ルーセント,sold_out,1,0,1,0,,,0,low,medium,2026-06-01T20:58:30+09:00,false,false,unknown
2026-06_early,2026年6月 上旬（1〜15日）,2026-06-05,蔵王国際ホテル,available,1,1,0,0,64790,64790,1,medium,medium,2026-06-01T20:58:30+09:00,false,false,unknown
2026-06_early,2026年6月 上旬（1〜15日）,2026-06-06,HAMMOND,sold_out,1,0,1,0,,,0,low,medium,2026-06-05T00:29:41+09:00,true,false,unknown
2026-06_early,2026年6月 上旬（1〜15日）,2026-06-06,JURIN,available,1,1,0,0,,,0,low,medium,2026-06-05T00:29:41+09:00,false,false,unknown
2026-06_early,2026年6月 上旬（1〜15日）,2026-06-06,ホテル喜らく,not_found,1,0,0,1,,,0,low,medium,2026-06-05T00:29:41+09:00,false,true,unknown
2026-06_early,2026年6月 上旬（1〜15日）,2026-06-06,ル・ベール蔵王,available,1,1,0,0,25000,25000,1,medium,medium,2026-06-05T00:29:41+09:00,false,false,unknown
2026-06_early,2026年6月 上旬（1〜15日）,2026-06-06,吉田屋,sold_out,1,0,1,0,,,0,low,medium,2026-06-05T00:29:41+09:00,true,false,unknown
2026-06_early,2026年6月 上旬（1〜15日）,2026-06-06,名湯リゾート ルーセント,sold_out,1,0,1,0,,,0,low,medium,2026-06-01T20:58:30+09:00,false,false,unknown
2026-06_early,2026年6月 上旬（1〜15日）,2026-06-06,蔵王国際ホテル,sold_out,1,0,1,0,,,0,low,medium,2026-06-01T20:58:30+09:00,false,false,unknown
2026-06_early,2026年6月 上旬（1〜15日）,2026-06-07,名湯リゾート ルーセント,sold_out,1,0,1,0,,,0,low,medium,2026-06-01T20:58:30+09:00,false,false,unknown
2026-06_early,2026年6月 上旬（1〜15日）,2026-06-07,深山荘 高見屋,available,1,1,0,0,57500,57500,1,medium,medium,2026-06-04T16:16:23+09:00,false,false,unknown
2026-06_early,2026年6月 上旬（1〜15日）,2026-06-07,蔵王四季のホテル,available,1,1,0,0,26700,26700,1,medium,medium,2026-06-04T16:16:23+09:00,false,false,unknown
2026-06_early,2026年6月 上旬（1〜15日）,2026-06-07,蔵王国際ホテル,available,2,2,0,0,49045,49045,2,high,high,2026-06-04T16:16:23+09:00,false,false,unknown
2026-06_early,2026年6月 上旬（1〜15日）,2026-06-08,名湯リゾート ルーセント,sold_out,1,0,1,0,,,0,low,medium,2026-06-01T20:58:30+09:00,false,false,unknown
2026-06_early,2026年6月 上旬（1〜15日）,2026-06-08,蔵王国際ホテル,sold_out,1,0,1,0,,,0,low,medium,2026-06-01T20:58:30+09:00,false,false,unknown
2026-06_early,2026年6月 上旬（1〜15日）,2026-06-09,名湯リゾート ルーセント,sold_out,1,0,1,0,,,0,low,medium,2026-06-01T20:58:30+09:00,false,false,unknown
2026-06_early,2026年6月 上旬（1〜15日）,2026-06-09,蔵王国際ホテル,sold_out,1,0,1,0,,,0,low,medium,2026-06-01T20:58:30+09:00,false,false,unknown
2026-06_early,2026年6月 上旬（1〜15日）,2026-06-10,名湯リゾート ルーセント,available,1,1,0,0,34100,34100,1,medium,medium,2026-06-01T20:58:30+09:00,false,false,unknown
2026-06_early,2026年6月 上旬（1〜15日）,2026-06-10,蔵王国際ホテル,sold_out,1,0,1,0,,,0,low,medium,2026-06-01T20:58:30+09:00,false,false,unknown
2026-06_early,2026年6月 上旬（1〜15日）,2026-06-11,名湯リゾート ルーセント,sold_out,1,0,1,0,,,0,low,medium,2026-06-01T20:58:30+09:00,false,false,unknown
2026-06_early,2026年6月 上旬（1〜15日）,2026-06-11,蔵王国際ホテル,sold_out,1,0,1,0,,,0,low,medium,2026-06-01T20:58:30+09:00,false,false,unknown
2026-06_early,2026年6月 上旬（1〜15日）,2026-06-12,名湯リゾート ルーセント,sold_out,1,0,1,0,,,0,low,medium,2026-06-01T20:58:30+09:00,false,false,unknown
2026-06_early,2026年6月 上旬（1〜15日）,2026-06-12,蔵王国際ホテル,sold_out,1,0,1,0,,,0,low,medium,2026-06-01T20:58:30+09:00,false,false,unknown
2026-06_early,2026年6月 上旬（1〜15日）,2026-06-13,HAMMOND,sold_out,1,0,1,0,,,0,low,medium,2026-06-12T09:00:06+09:00,true,false,unknown
2026-06_early,2026年6月 上旬（1〜15日）,2026-06-13,JURIN,available,1,1,0,0,,,0,low,medium,2026-06-12T09:00:06+09:00,false,false,unknown
2026-06_early,2026年6月 上旬（1〜15日）,2026-06-13,ホテル喜らく,sold_out,1,0,1,0,,,0,low,medium,2026-06-12T09:00:06+09:00,false,true,unknown
2026-06_early,2026年6月 上旬（1〜15日）,2026-06-13,ル・ベール蔵王,available,1,1,0,0,26000,26000,1,medium,medium,2026-06-12T09:00:06+09:00,false,false,unknown
2026-06_early,2026年6月 上旬（1〜15日）,2026-06-13,吉田屋,sold_out,1,0,1,0,,,0,low,medium,2026-06-12T09:00:06+09:00,true,false,unknown
2026-06_early,2026年6月 上旬（1〜15日）,2026-06-13,名湯リゾート ルーセント,sold_out,1,0,1,0,,,0,low,medium,2026-06-01T20:58:30+09:00,false,false,unknown
2026-06_early,2026年6月 上旬（1〜15日）,2026-06-13,深山荘 高見屋,available,1,1,0,0,60000,60000,1,medium,medium,2026-06-12T09:00:06+09:00,false,false,unknown
2026-06_early,2026年6月 上旬（1〜15日）,2026-06-13,蔵王四季のホテル,available,1,1,0,0,40920,40920,1,medium,medium,2026-06-12T09:00:06+09:00,false,false,unknown
2026-06_early,2026年6月 上旬（1〜15日）,2026-06-13,蔵王国際ホテル,available,2,1,1,0,40920,40920,1,medium,high,2026-06-12T09:00:06+09:00,false,false,unknown
2026-06_early,2026年6月 上旬（1〜15日）,2026-06-14,名湯リゾート ルーセント,sold_out,1,0,1,0,,,0,low,medium,2026-06-01T20:58:30+09:00,false,false,unknown
2026-06_early,2026年6月 上旬（1〜15日）,2026-06-14,深山荘 高見屋,available,1,1,0,0,72900,72900,1,medium,medium,2026-06-04T16:16:23+09:00,false,false,unknown
2026-06_early,2026年6月 上旬（1〜15日）,2026-06-14,蔵王四季のホテル,available,1,1,0,0,,,0,low,medium,2026-06-04T16:16:23+09:00,false,false,unknown
2026-06_early,2026年6月 上旬（1〜15日）,2026-06-14,蔵王国際ホテル,available,2,2,0,0,49045,49045,2,high,high,2026-06-04T16:16:23+09:00,false,false,unknown
2026-06_early,2026年6月 上旬（1〜15日）,2026-06-15,名湯リゾート ルーセント,available,1,1,0,0,34100,34100,1,medium,medium,2026-06-01T20:58:30+09:00,false,false,unknown
2026-06_early,2026年6月 上旬（1〜15日）,2026-06-15,蔵王国際ホテル,available,1,1,0,0,64790,64790,1,medium,medium,2026-06-01T20:58:30+09:00,false,false,unknown
2026-06_late,2026年6月 下旬（16〜末日）,2026-06-16,名湯リゾート ルーセント,sold_out,1,0,1,0,,,0,low,medium,2026-06-01T20:58:30+09:00,false,false,unknown
2026-06_late,2026年6月 下旬（16〜末日）,2026-06-16,蔵王国際ホテル,available,1,1,0,0,64790,64790,1,medium,medium,2026-06-01T20:58:30+09:00,false,false,unknown
2026-06_late,2026年6月 下旬（16〜末日）,2026-06-17,名湯リゾート ルーセント,sold_out,1,0,1,0,,,0,low,medium,2026-06-01T20:58:30+09:00,false,false,unknown
2026-06_late,2026年6月 下旬（16〜末日）,2026-06-17,蔵王国際ホテル,available,1,1,0,0,64790,64790,1,medium,medium,2026-06-01T20:58:30+09:00,false,false,unknown
2026-06_late,2026年6月 下旬（16〜末日）,2026-06-18,名湯リゾート ルーセント,available,1,1,0,0,34100,34100,1,medium,medium,2026-06-01T20:58:30+09:00,false,false,unknown
2026-06_late,2026年6月 下旬（16〜末日）,2026-06-18,蔵王国際ホテル,sold_out,1,0,1,0,,,0,low,medium,2026-06-01T20:58:30+09:00,false,false,unknown
2026-06_late,2026年6月 下旬（16〜末日）,2026-06-19,HAMMOND,available,1,1,0,0,11139,11139,1,medium,medium,2026-06-14T00:47:47+09:00,true,false,unknown
2026-06_late,2026年6月 下旬（16〜末日）,2026-06-19,JURIN,available,1,1,0,0,22529,22529,1,medium,medium,2026-06-14T01:16:12+09:00,false,false,unknown
2026-06_late,2026年6月 下旬（16〜末日）,2026-06-19,ＫＫＲ蔵王 白銀荘,available,1,1,0,0,19700,19700,1,medium,medium,2026-06-14T02:00:06+09:00,false,false,unknown
2026-06_late,2026年6月 下旬（16〜末日）,2026-06-19,たかみや瑠璃倶楽,sold_out,1,0,1,0,,,0,low,medium,2026-06-14T10:00:06+09:00,false,false,unknown
2026-06_late,2026年6月 下旬（16〜末日）,2026-06-19,ペンション木いちご,available,1,1,0,0,15000,15000,1,medium,medium,2026-06-14T18:00:06+09:00,false,false,unknown
2026-06_late,2026年6月 下旬（16〜末日）,2026-06-19,ホテル喜らく,available,1,1,0,0,,,0,low,medium,2026-06-14T16:00:05+09:00,false,true,unknown
2026-06_late,2026年6月 下旬（16〜末日）,2026-06-19,ル・ベール蔵王,available,1,1,0,0,25146,25146,1,medium,medium,2026-06-14T04:00:05+09:00,false,false,unknown
2026-06_late,2026年6月 下旬（16〜末日）,2026-06-19,三浦屋,available,2,2,0,0,17562,17562,2,high,high,2026-06-14T06:00:06+09:00,false,true,unknown
2026-06_late,2026年6月 下旬（16〜末日）,2026-06-19,吉田屋,available,2,2,0,0,18700,18700,1,medium,high,2026-06-14T20:00:06+09:00,true,false,unknown
2026-06_late,2026年6月 下旬（16〜末日）,2026-06-19,名湯リゾート ルーセント,sold_out,1,0,1,0,,,0,low,medium,2026-06-01T20:58:30+09:00,false,false,unknown
2026-06_late,2026年6月 下旬（16〜末日）,2026-06-19,深山荘 高見屋,available,1,1,0,0,,,0,low,medium,2026-06-14T12:00:06+09:00,false,false,unknown
2026-06_late,2026年6月 下旬（16〜末日）,2026-06-19,蔵王四季のホテル,sold_out,1,0,1,0,,,0,low,medium,2026-06-14T14:00:06+09:00,false,false,unknown
2026-06_late,2026年6月 下旬（16〜末日）,2026-06-19,蔵王国際ホテル,available,2,2,0,0,44385,44385,2,high,high,2026-06-14T08:00:06+09:00,false,false,unknown
2026-06_late,2026年6月 下旬（16〜末日）,2026-06-20,HAMMOND,available,2,1,1,0,12814,12814,1,medium,high,2026-06-14T00:51:18+09:00,true,false,unknown
2026-06_late,2026年6月 下旬（16〜末日）,2026-06-20,JURIN,available,2,1,1,0,51480,51480,1,medium,high,2026-06-14T02:00:06+09:00,false,false,unknown
2026-06_late,2026年6月 下旬（16〜末日）,2026-06-20,ＫＫＲ蔵王 白銀荘,available,1,1,0,0,29700,29700,1,medium,medium,2026-06-14T04:00:05+09:00,false,false,unknown
2026-06_late,2026年6月 下旬（16〜末日）,2026-06-20,たかみや瑠璃倶楽,available,1,1,0,0,24200,24200,1,medium,medium,2026-06-14T12:00:06+09:00,false,false,unknown
2026-06_late,2026年6月 下旬（16〜末日）,2026-06-20,ペンション木いちご,available,1,1,0,0,17000,17000,1,medium,medium,2026-06-14T20:00:06+09:00,false,false,unknown
2026-06_late,2026年6月 下旬（16〜末日）,2026-06-20,ホテル喜らく,available,1,1,0,0,,,0,low,medium,2026-06-14T18:00:06+09:00,false,true,unknown
2026-06_late,2026年6月 下旬（16〜末日）,2026-06-20,ル・ベール蔵王,available,2,2,0,0,26044,26044,2,high,high,2026-06-14T06:00:06+09:00,false,false,unknown
2026-06_late,2026年6月 下旬（16〜末日）,2026-06-20,三浦屋,available,2,2,0,0,19096,19096,2,high,high,2026-06-14T08:00:06+09:00,false,true,unknown
2026-06_late,2026年6月 下旬（16〜末日）,2026-06-20,吉田屋,available,2,1,1,0,20000,20000,1,medium,high,2026-06-14T01:16:12+09:00,true,false,unknown
2026-06_late,2026年6月 下旬（16〜末日）,2026-06-20,名湯リゾート ルーセント,sold_out,1,0,1,0,,,0,low,medium,2026-06-01T20:58:30+09:00,false,false,unknown
2026-06_late,2026年6月 下旬（16〜末日）,2026-06-20,深山荘 高見屋,available,2,1,1,0,68414,68414,1,medium,high,2026-06-14T14:00:06+09:00,false,false,unknown
2026-06_late,2026年6月 下旬（16〜末日）,2026-06-20,蔵王四季のホテル,available,2,2,0,0,42770,42770,1,medium,high,2026-06-14T16:00:05+09:00,false,false,unknown
2026-06_late,2026年6月 下旬（16〜末日）,2026-06-20,蔵王国際ホテル,available,3,1,2,0,34800,34800,1,medium,high,2026-06-14T10:00:06+09:00,false,false,unknown
2026-06_late,2026年6月 下旬（16〜末日）,2026-06-21,HAMMOND,available,1,1,0,0,10559,10559,1,medium,medium,2026-06-14T01:51:59+09:00,true,false,unknown
2026-06_late,2026年6月 下旬（16〜末日）,2026-06-21,JURIN,available,1,1,0,0,25300,25300,1,medium,medium,2026-06-14T04:00:05+09:00,false,false,unknown
2026-06_late,2026年6月 下旬（16〜末日）,2026-06-21,ＫＫＲ蔵王 白銀荘,available,1,1,0,0,19700,19700,1,medium,medium,2026-06-14T06:00:06+09:00,false,false,unknown
2026-06_late,2026年6月 下旬（16〜末日）,2026-06-21,たかみや瑠璃倶楽,available,1,1,0,0,,,0,low,medium,2026-06-14T14:00:06+09:00,false,false,unknown
2026-06_late,2026年6月 下旬（16〜末日）,2026-06-21,ホテル喜らく,available,1,1,0,0,,,0,low,medium,2026-06-14T20:00:06+09:00,false,true,unknown
2026-06_late,2026年6月 下旬（16〜末日）,2026-06-21,ル・ベール蔵王,available,1,1,0,0,34000,34000,1,medium,medium,2026-06-14T08:00:06+09:00,false,false,unknown
2026-06_late,2026年6月 下旬（16〜末日）,2026-06-21,三浦屋,available,2,2,0,0,15345,15345,2,high,high,2026-06-14T10:00:06+09:00,false,true,unknown
2026-06_late,2026年6月 下旬（16〜末日）,2026-06-21,吉田屋,available,1,1,0,0,18700,18700,1,medium,medium,2026-06-14T00:47:47+09:00,true,false,unknown
2026-06_late,2026年6月 下旬（16〜末日）,2026-06-21,名湯リゾート ルーセント,sold_out,1,0,1,0,,,0,low,medium,2026-06-01T20:58:30+09:00,false,false,unknown
2026-06_late,2026年6月 下旬（16〜末日）,2026-06-21,深山荘 高見屋,available,2,2,0,0,57500,57500,1,medium,high,2026-06-14T16:00:05+09:00,false,false,unknown
2026-06_late,2026年6月 下旬（16〜末日）,2026-06-21,蔵王四季のホテル,available,2,2,0,0,27140,27140,1,medium,high,2026-06-14T18:00:06+09:00,false,false,unknown
2026-06_late,2026年6月 下旬（16〜末日）,2026-06-21,蔵王国際ホテル,available,3,2,1,0,37110,37110,2,high,high,2026-06-14T12:00:06+09:00,false,false,unknown
2026-06_late,2026年6月 下旬（16〜末日）,2026-06-22,名湯リゾート ルーセント,available,1,1,0,0,34100,34100,1,medium,medium,2026-06-01T20:58:30+09:00,false,false,unknown
2026-06_late,2026年6月 下旬（16〜末日）,2026-06-22,蔵王国際ホテル,sold_out,1,0,1,0,,,0,low,medium,2026-06-01T20:58:30+09:00,false,false,unknown
2026-06_late,2026年6月 下旬（16〜末日）,2026-06-23,HAMMOND,available,1,1,0,0,10559,10559,1,medium,medium,2026-06-14T01:51:59+09:00,true,false,unknown
2026-06_late,2026年6月 下旬（16〜末日）,2026-06-23,JURIN,available,1,1,0,0,69520,69520,1,medium,medium,2026-06-14T00:51:18+09:00,false,false,unknown
2026-06_late,2026年6月 下旬（16〜末日）,2026-06-23,ＫＫＲ蔵王 白銀荘,available,1,1,0,0,19700,19700,1,medium,medium,2026-06-14T04:00:05+09:00,false,false,unknown
2026-06_late,2026年6月 下旬（16〜末日）,2026-06-23,たかみや瑠璃倶楽,available,1,1,0,0,,,0,low,medium,2026-06-14T12:00:06+09:00,false,false,unknown
2026-06_late,2026年6月 下旬（16〜末日）,2026-06-23,ペンション木いちご,available,1,1,0,0,15000,15000,1,medium,medium,2026-06-14T20:00:06+09:00,false,false,unknown
2026-06_late,2026年6月 下旬（16〜末日）,2026-06-23,ホテル喜らく,available,1,1,0,0,,,0,low,medium,2026-06-14T18:00:06+09:00,false,true,unknown
2026-06_late,2026年6月 下旬（16〜末日）,2026-06-23,ル・ベール蔵王,available,1,1,0,0,34000,34000,1,medium,medium,2026-06-14T06:00:06+09:00,false,false,unknown
2026-06_late,2026年6月 下旬（16〜末日）,2026-06-23,三浦屋,available,2,2,0,0,16539,16539,2,high,high,2026-06-14T08:00:06+09:00,false,true,unknown
2026-06_late,2026年6月 下旬（16〜末日）,2026-06-23,吉田屋,available,1,1,0,0,18700,18700,1,medium,medium,2026-06-14T00:47:47+09:00,true,false,unknown
2026-06_late,2026年6月 下旬（16〜末日）,2026-06-23,名湯リゾート ルーセント,available,1,1,0,0,34100,34100,1,medium,medium,2026-06-01T20:58:30+09:00,false,false,unknown
2026-06_late,2026年6月 下旬（16〜末日）,2026-06-23,深山荘 高見屋,available,1,1,0,0,,,0,low,medium,2026-06-14T14:00:06+09:00,false,false,unknown
2026-06_late,2026年6月 下旬（16〜末日）,2026-06-23,蔵王四季のホテル,available,1,1,0,0,,,0,low,medium,2026-06-14T16:00:05+09:00,false,false,unknown
2026-06_late,2026年6月 下旬（16〜末日）,2026-06-23,蔵王国際ホテル,available,2,2,0,0,64790,64790,1,medium,high,2026-06-14T10:00:06+09:00,false,false,unknown
2026-06_late,2026年6月 下旬（16〜末日）,2026-06-24,名湯リゾート ルーセント,available,1,1,0,0,34100,34100,1,medium,medium,2026-06-01T20:58:30+09:00,false,false,unknown
2026-06_late,2026年6月 下旬（16〜末日）,2026-06-24,蔵王国際ホテル,available,1,1,0,0,64790,64790,1,medium,medium,2026-06-01T20:58:30+09:00,false,false,unknown
2026-06_late,2026年6月 下旬（16〜末日）,2026-06-25,名湯リゾート ルーセント,sold_out,1,0,1,0,,,0,low,medium,2026-06-01T20:58:30+09:00,false,false,unknown
2026-06_late,2026年6月 下旬（16〜末日）,2026-06-25,蔵王国際ホテル,sold_out,1,0,1,0,,,0,low,medium,2026-06-01T20:58:30+09:00,false,false,unknown
2026-06_late,2026年6月 下旬（16〜末日）,2026-06-26,JURIN,available,1,1,0,0,67650,67650,1,medium,medium,2026-06-14T00:47:47+09:00,false,false,unknown
2026-06_late,2026年6月 下旬（16〜末日）,2026-06-26,ＫＫＲ蔵王 白銀荘,available,1,1,0,0,19700,19700,1,medium,medium,2026-06-14T01:51:59+09:00,false,false,unknown
2026-06_late,2026年6月 下旬（16〜末日）,2026-06-26,たかみや瑠璃倶楽,available,1,1,0,0,,,0,low,medium,2026-06-14T08:00:06+09:00,false,false,unknown
2026-06_late,2026年6月 下旬（16〜末日）,2026-06-26,ホテル喜らく,available,1,1,0,0,,,0,low,medium,2026-06-14T14:00:06+09:00,false,true,unknown
2026-06_late,2026年6月 下旬（16〜末日）,2026-06-26,ル・ベール蔵王,available,1,1,0,0,24596,24596,1,medium,medium,2026-06-14T02:00:06+09:00,false,false,unknown
2026-06_late,2026年6月 下旬（16〜末日）,2026-06-26,三浦屋,available,2,2,0,0,15806,15806,2,high,high,2026-06-14T06:00:06+09:00,false,true,unknown
2026-06_late,2026年6月 下旬（16〜末日）,2026-06-26,吉田屋,available,2,2,0,0,18700,18700,1,medium,high,2026-06-14T20:00:06+09:00,true,false,unknown
2026-06_late,2026年6月 下旬（16〜末日）,2026-06-26,名湯リゾート ルーセント,sold_out,1,0,1,0,,,0,low,medium,2026-06-01T20:58:30+09:00,false,false,unknown
2026-06_late,2026年6月 下旬（16〜末日）,2026-06-26,深山荘 高見屋,available,1,1,0,0,,,0,low,medium,2026-06-14T10:00:06+09:00,false,false,unknown
2026-06_late,2026年6月 下旬（16〜末日）,2026-06-26,蔵王四季のホテル,available,1,1,0,0,,,0,low,medium,2026-06-14T12:00:06+09:00,false,false,unknown
2026-06_late,2026年6月 下旬（16〜末日）,2026-06-26,蔵王国際ホテル,available,2,2,0,0,64790,64790,1,medium,high,2026-06-14T01:16:12+09:00,false,false,unknown
2026-06_late,2026年6月 下旬（16〜末日）,2026-06-27,HAMMOND,available,1,1,0,0,,,0,low,medium,2026-06-13T09:00:05+09:00,true,false,unknown
2026-06_late,2026年6月 下旬（16〜末日）,2026-06-27,JURIN,available,2,2,0,0,75956,75956,1,medium,high,2026-06-14T00:47:47+09:00,false,false,unknown
2026-06_late,2026年6月 下旬（16〜末日）,2026-06-27,ＫＫＲ蔵王 白銀荘,available,1,1,0,0,23700,23700,1,medium,medium,2026-06-14T01:51:59+09:00,false,false,unknown
2026-06_late,2026年6月 下旬（16〜末日）,2026-06-27,たかみや瑠璃倶楽,available,1,1,0,0,,,0,low,medium,2026-06-14T14:00:06+09:00,false,false,unknown
2026-06_late,2026年6月 下旬（16〜末日）,2026-06-27,ホテル喜らく,available,1,1,0,0,,,0,low,medium,2026-06-14T16:00:05+09:00,false,true,unknown
2026-06_late,2026年6月 下旬（16〜末日）,2026-06-27,ル・ベール蔵王,available,2,2,0,0,26293,26293,2,high,high,2026-06-14T08:00:06+09:00,false,false,unknown
2026-06_late,2026年6月 下旬（16〜末日）,2026-06-27,三浦屋,available,2,2,0,0,17187,17187,2,high,high,2026-06-14T10:00:06+09:00,false,true,unknown
2026-06_late,2026年6月 下旬（16〜末日）,2026-06-27,吉田屋,available,2,2,0,0,30800,30800,1,medium,high,2026-06-14T01:16:12+09:00,true,false,unknown
2026-06_late,2026年6月 下旬（16〜末日）,2026-06-27,名湯リゾート ルーセント,sold_out,1,0,1,0,,,0,low,medium,2026-06-01T20:58:30+09:00,false,false,unknown
2026-06_late,2026年6月 下旬（16〜末日）,2026-06-27,深山荘 高見屋,available,2,2,0,0,45012,45012,1,medium,high,2026-06-14T12:00:06+09:00,false,false,unknown
2026-06_late,2026年6月 下旬（16〜末日）,2026-06-27,蔵王四季のホテル,available,2,2,0,0,36960,36960,1,medium,high,2026-06-14T18:00:06+09:00,false,false,unknown
2026-06_late,2026年6月 下旬（16〜末日）,2026-06-27,蔵王国際ホテル,available,3,2,1,0,42240,42240,2,high,high,2026-06-14T06:00:06+09:00,false,false,unknown
2026-06_late,2026年6月 下旬（16〜末日）,2026-06-28,JURIN,available,1,1,0,0,120000,120000,1,medium,medium,2026-06-14T00:51:18+09:00,false,false,unknown
2026-06_late,2026年6月 下旬（16〜末日）,2026-06-28,ＫＫＲ蔵王 白銀荘,available,1,1,0,0,19700,19700,1,medium,medium,2026-06-14T08:00:06+09:00,false,false,unknown
2026-06_late,2026年6月 下旬（16〜末日）,2026-06-28,たかみや瑠璃倶楽,available,1,1,0,0,,,0,low,medium,2026-06-14T16:00:05+09:00,false,false,unknown
2026-06_late,2026年6月 下旬（16〜末日）,2026-06-28,ル・ベール蔵王,available,1,1,0,0,34000,34000,1,medium,medium,2026-06-14T10:00:06+09:00,false,false,unknown
2026-06_late,2026年6月 下旬（16〜末日）,2026-06-28,三浦屋,available,2,2,0,0,15345,15345,2,high,high,2026-06-14T12:00:06+09:00,false,true,unknown
2026-06_late,2026年6月 下旬（16〜末日）,2026-06-28,吉田屋,available,1,1,0,0,18700,18700,1,medium,medium,2026-06-14T01:51:59+09:00,true,false,unknown
2026-06_late,2026年6月 下旬（16〜末日）,2026-06-28,名湯リゾート ルーセント,sold_out,1,0,1,0,,,0,low,medium,2026-06-01T20:58:30+09:00,false,false,unknown
2026-06_late,2026年6月 下旬（16〜末日）,2026-06-28,深山荘 高見屋,available,2,2,0,0,,,0,low,high,2026-06-14T18:00:06+09:00,false,false,unknown
2026-06_late,2026年6月 下旬（16〜末日）,2026-06-28,蔵王四季のホテル,available,2,1,1,0,34840,34840,1,medium,high,2026-06-14T20:00:06+09:00,false,false,unknown
2026-06_late,2026年6月 下旬（16〜末日）,2026-06-28,蔵王国際ホテル,available,3,2,1,0,50365,50365,2,high,high,2026-06-14T14:00:06+09:00,false,false,unknown
2026-06_late,2026年6月 下旬（16〜末日）,2026-06-29,名湯リゾート ルーセント,available,1,1,0,0,34100,34100,1,medium,medium,2026-06-01T20:58:30+09:00,false,false,unknown
2026-06_late,2026年6月 下旬（16〜末日）,2026-06-29,蔵王国際ホテル,available,1,1,0,0,64790,64790,1,medium,medium,2026-06-01T20:58:30+09:00,false,false,unknown
2026-06_late,2026年6月 下旬（16〜末日）,2026-06-30,名湯リゾート ルーセント,available,1,1,0,0,34100,34100,1,medium,medium,2026-06-01T20:58:30+09:00,false,false,unknown
2026-06_late,2026年6月 下旬（16〜末日）,2026-06-30,蔵王国際ホテル,available,1,1,0,0,64790,64790,1,medium,medium,2026-06-01T20:58:30+09:00,false,false,unknown
2026-07_early,2026年7月 上旬（1〜15日）,2026-07-01,名湯リゾート ルーセント,available,1,1,0,0,31900,31900,1,medium,medium,2026-06-01T20:58:30+09:00,false,false,unknown
2026-07_early,2026年7月 上旬（1〜15日）,2026-07-01,蔵王国際ホテル,available,1,1,0,0,64790,64790,1,medium,medium,2026-06-01T20:58:30+09:00,false,false,unknown
2026-07_early,2026年7月 上旬（1〜15日）,2026-07-02,名湯リゾート ルーセント,available,1,1,0,0,31900,31900,1,medium,medium,2026-06-01T20:58:30+09:00,false,false,unknown
2026-07_early,2026年7月 上旬（1〜15日）,2026-07-02,蔵王国際ホテル,sold_out,1,0,1,0,,,0,low,medium,2026-06-01T20:58:30+09:00,false,false,unknown
2026-07_early,2026年7月 上旬（1〜15日）,2026-07-03,HAMMOND,available,1,1,0,0,10559,10559,1,medium,medium,2026-06-14T06:00:06+09:00,true,false,unknown
2026-07_early,2026年7月 上旬（1〜15日）,2026-07-03,JURIN,available,1,1,0,0,22448,22448,1,medium,medium,2026-06-14T01:16:12+09:00,false,false,unknown
2026-07_early,2026年7月 上旬（1〜15日）,2026-07-03,ＫＫＲ蔵王 白銀荘,available,1,1,0,0,23700,23700,1,medium,medium,2026-06-14T02:00:06+09:00,false,false,unknown
2026-07_early,2026年7月 上旬（1〜15日）,2026-07-03,ル・ベール蔵王,available,1,1,0,0,25074,25074,1,medium,medium,2026-06-14T10:00:06+09:00,false,false,unknown
2026-07_early,2026年7月 上旬（1〜15日）,2026-07-03,吉田屋,available,1,1,0,0,18700,18700,1,medium,medium,2026-06-14T01:51:59+09:00,true,false,unknown
2026-07_early,2026年7月 上旬（1〜15日）,2026-07-03,名湯リゾート ルーセント,available,1,1,0,0,34100,34100,1,medium,medium,2026-06-01T20:58:30+09:00,false,false,unknown
2026-07_early,2026年7月 上旬（1〜15日）,2026-07-03,蔵王国際ホテル,available,1,1,0,0,64790,64790,1,medium,medium,2026-06-01T20:58:30+09:00,false,false,unknown
2026-07_early,2026年7月 上旬（1〜15日）,2026-07-04,JURIN,available,1,1,0,0,46200,46200,1,medium,medium,2026-06-14T01:51:59+09:00,false,false,unknown
2026-07_early,2026年7月 上旬（1〜15日）,2026-07-04,ＫＫＲ蔵王 白銀荘,available,1,1,0,0,23700,23700,1,medium,medium,2026-06-14T10:00:06+09:00,false,false,unknown
2026-07_early,2026年7月 上旬（1〜15日）,2026-07-04,たかみや瑠璃倶楽,available,1,1,0,0,,,0,low,medium,2026-06-14T00:51:18+09:00,false,false,unknown
2026-07_early,2026年7月 上旬（1〜15日）,2026-07-04,ル・ベール蔵王,available,1,1,0,0,29677,29677,1,medium,medium,2026-06-14T04:00:05+09:00,false,false,unknown
2026-07_early,2026年7月 上旬（1〜15日）,2026-07-04,三浦屋,available,1,1,0,0,17078,17078,1,medium,medium,2026-06-14T08:00:06+09:00,false,true,unknown
2026-07_early,2026年7月 上旬（1〜15日）,2026-07-04,吉田屋,available,1,1,0,0,26400,26400,1,medium,medium,2026-06-14T02:00:06+09:00,true,false,unknown
2026-07_early,2026年7月 上旬（1〜15日）,2026-07-04,名湯リゾート ルーセント,sold_out,1,0,1,0,,,0,low,medium,2026-06-01T20:58:30+09:00,false,false,unknown
2026-07_early,2026年7月 上旬（1〜15日）,2026-07-04,深山荘 高見屋,available,1,1,0,0,,,0,low,medium,2026-06-14T01:16:12+09:00,false,false,unknown
2026-07_early,2026年7月 上旬（1〜15日）,2026-07-04,蔵王国際ホテル,available,2,1,1,0,43560,43560,1,medium,high,2026-06-14T00:47:47+09:00,false,false,unknown
2026-07_early,2026年7月 上旬（1〜15日）,2026-07-05,JURIN,available,1,1,0,0,43560,43560,1,medium,medium,2026-06-14T01:51:59+09:00,false,false,unknown
2026-07_early,2026年7月 上旬（1〜15日）,2026-07-05,ＫＫＲ蔵王 白銀荘,available,1,1,0,0,19700,19700,1,medium,medium,2026-06-14T06:00:06+09:00,false,false,unknown
2026-07_early,2026年7月 上旬（1〜15日）,2026-07-05,ル・ベール蔵王,available,1,1,0,0,34000,34000,1,medium,medium,2026-06-14T12:00:06+09:00,false,false,unknown
2026-07_early,2026年7月 上旬（1〜15日）,2026-07-05,吉田屋,available,1,1,0,0,18700,18700,1,medium,medium,2026-06-14T02:00:06+09:00,true,false,unknown
2026-07_early,2026年7月 上旬（1〜15日）,2026-07-05,名湯リゾート ルーセント,sold_out,1,0,1,0,,,0,low,medium,2026-06-01T20:58:30+09:00,false,false,unknown
2026-07_early,2026年7月 上旬（1〜15日）,2026-07-05,蔵王国際ホテル,available,1,1,0,0,64790,64790,1,medium,medium,2026-06-01T20:58:30+09:00,false,false,unknown
2026-07_early,2026年7月 上旬（1〜15日）,2026-07-06,名湯リゾート ルーセント,available,1,1,0,0,31900,31900,1,medium,medium,2026-06-01T20:58:30+09:00,false,false,unknown
2026-07_early,2026年7月 上旬（1〜15日）,2026-07-06,蔵王国際ホテル,available,1,1,0,0,64790,64790,1,medium,medium,2026-06-01T20:58:30+09:00,false,false,unknown
2026-07_early,2026年7月 上旬（1〜15日）,2026-07-07,名湯リゾート ルーセント,available,1,1,0,0,31900,31900,1,medium,medium,2026-06-01T20:58:30+09:00,false,false,unknown
2026-07_early,2026年7月 上旬（1〜15日）,2026-07-07,蔵王国際ホテル,available,1,1,0,0,64790,64790,1,medium,medium,2026-06-01T20:58:30+09:00,false,false,unknown
2026-07_early,2026年7月 上旬（1〜15日）,2026-07-08,名湯リゾート ルーセント,available,1,1,0,0,31900,31900,1,medium,medium,2026-06-01T20:58:30+09:00,false,false,unknown
2026-07_early,2026年7月 上旬（1〜15日）,2026-07-08,蔵王国際ホテル,sold_out,1,0,1,0,,,0,low,medium,2026-06-01T20:58:30+09:00,false,false,unknown
2026-07_early,2026年7月 上旬（1〜15日）,2026-07-09,名湯リゾート ルーセント,available,1,1,0,0,31900,31900,1,medium,medium,2026-06-01T20:58:30+09:00,false,false,unknown
2026-07_early,2026年7月 上旬（1〜15日）,2026-07-09,蔵王国際ホテル,available,1,1,0,0,64790,64790,1,medium,medium,2026-06-01T20:58:30+09:00,false,false,unknown
2026-07_early,2026年7月 上旬（1〜15日）,2026-07-10,JURIN,available,1,1,0,0,23444,23444,1,medium,medium,2026-06-14T02:00:06+09:00,false,false,unknown
2026-07_early,2026年7月 上旬（1〜15日）,2026-07-10,ＫＫＲ蔵王 白銀荘,available,1,1,0,0,19700,19700,1,medium,medium,2026-06-14T12:00:06+09:00,false,false,unknown
2026-07_early,2026年7月 上旬（1〜15日）,2026-07-10,ル・ベール蔵王,available,1,1,0,0,24596,24596,1,medium,medium,2026-06-14T01:51:59+09:00,false,false,unknown
2026-07_early,2026年7月 上旬（1〜15日）,2026-07-10,吉田屋,available,1,1,0,0,18700,18700,1,medium,medium,2026-06-14T04:00:05+09:00,true,false,unknown
2026-07_early,2026年7月 上旬（1〜15日）,2026-07-10,名湯リゾート ルーセント,sold_out,1,0,1,0,,,0,low,medium,2026-06-01T20:58:30+09:00,false,false,unknown
2026-07_early,2026年7月 上旬（1〜15日）,2026-07-10,蔵王国際ホテル,sold_out,1,0,1,0,,,0,low,medium,2026-06-01T20:58:30+09:00,false,false,unknown
2026-07_early,2026年7月 上旬（1〜15日）,2026-07-11,JURIN,available,1,1,0,0,37000,37000,1,medium,medium,2026-06-14T08:00:06+09:00,false,false,unknown
2026-07_early,2026年7月 上旬（1〜15日）,2026-07-11,ＫＫＲ蔵王 白銀荘,available,1,1,0,0,23700,23700,1,medium,medium,2026-06-14T14:00:06+09:00,false,false,unknown
2026-07_early,2026年7月 上旬（1〜15日）,2026-07-11,たかみや瑠璃倶楽,available,1,1,0,0,,,0,low,medium,2026-06-14T00:51:18+09:00,false,false,unknown
2026-07_early,2026年7月 上旬（1〜15日）,2026-07-11,ル・ベール蔵王,available,1,1,0,0,30233,30233,1,medium,medium,2026-06-14T01:51:59+09:00,false,false,unknown
2026-07_early,2026年7月 上旬（1〜15日）,2026-07-11,三浦屋,available,2,2,0,0,17647,17647,2,high,high,2026-06-14T06:00:06+09:00,false,true,unknown
2026-07_early,2026年7月 上旬（1〜15日）,2026-07-11,吉田屋,available,1,1,0,0,26400,26400,1,medium,medium,2026-06-14T04:00:05+09:00,true,false,unknown
2026-07_early,2026年7月 上旬（1〜15日）,2026-07-11,名湯リゾート ルーセント,available,1,1,0,0,38500,38500,1,medium,medium,2026-06-01T20:58:30+09:00,false,false,unknown
2026-07_early,2026年7月 上旬（1〜15日）,2026-07-11,深山荘 高見屋,available,1,1,0,0,,,0,low,medium,2026-06-14T01:16:12+09:00,false,false,unknown
2026-07_early,2026年7月 上旬（1〜15日）,2026-07-11,蔵王国際ホテル,available,2,1,1,0,,,0,low,high,2026-06-14T00:47:47+09:00,false,false,unknown
2026-07_early,2026年7月 上旬（1〜15日）,2026-07-12,JURIN,available,1,1,0,0,23037,23037,1,medium,medium,2026-06-14T04:00:05+09:00,false,false,unknown
2026-07_early,2026年7月 上旬（1〜15日）,2026-07-12,ＫＫＲ蔵王 白銀荘,available,1,1,0,0,19700,19700,1,medium,medium,2026-06-14T08:00:06+09:00,false,false,unknown
2026-07_early,2026年7月 上旬（1〜15日）,2026-07-12,ル・ベール蔵王,available,1,1,0,0,24623,24623,1,medium,medium,2026-06-14T02:00:06+09:00,false,false,unknown
2026-07_early,2026年7月 上旬（1〜15日）,2026-07-12,吉田屋,available,1,1,0,0,18700,18700,1,medium,medium,2026-06-14T06:00:06+09:00,true,false,unknown
2026-07_early,2026年7月 上旬（1〜15日）,2026-07-12,名湯リゾート ルーセント,sold_out,1,0,1,0,,,0,low,medium,2026-06-01T20:58:30+09:00,false,false,unknown
2026-07_early,2026年7月 上旬（1〜15日）,2026-07-12,蔵王国際ホテル,available,1,1,0,0,64790,64790,1,medium,medium,2026-06-01T20:58:30+09:00,false,false,unknown
2026-07_early,2026年7月 上旬（1〜15日）,2026-07-13,名湯リゾート ルーセント,sold_out,1,0,1,0,,,0,low,medium,2026-06-01T20:58:30+09:00,false,false,unknown
2026-07_early,2026年7月 上旬（1〜15日）,2026-07-13,蔵王国際ホテル,sold_out,1,0,1,0,,,0,low,medium,2026-06-01T20:58:30+09:00,false,false,unknown
2026-07_early,2026年7月 上旬（1〜15日）,2026-07-14,名湯リゾート ルーセント,available,1,1,0,0,31900,31900,1,medium,medium,2026-06-01T20:58:30+09:00,false,false,unknown
2026-07_early,2026年7月 上旬（1〜15日）,2026-07-14,蔵王国際ホテル,sold_out,1,0,1,0,,,0,low,medium,2026-06-01T20:58:30+09:00,false,false,unknown
2026-07_early,2026年7月 上旬（1〜15日）,2026-07-15,名湯リゾート ルーセント,available,1,1,0,0,31900,31900,1,medium,medium,2026-06-01T20:58:30+09:00,false,false,unknown
2026-07_early,2026年7月 上旬（1〜15日）,2026-07-15,蔵王国際ホテル,sold_out,1,0,1,0,,,0,low,medium,2026-06-01T20:58:30+09:00,false,false,unknown
2026-07_late,2026年7月 下旬（16〜末日）,2026-07-16,名湯リゾート ルーセント,sold_out,1,0,1,0,,,0,low,medium,2026-06-01T20:58:30+09:00,false,false,unknown
2026-07_late,2026年7月 下旬（16〜末日）,2026-07-16,蔵王国際ホテル,sold_out,1,0,1,0,,,0,low,medium,2026-06-01T20:58:30+09:00,false,false,unknown
2026-07_late,2026年7月 下旬（16〜末日）,2026-07-17,JURIN,available,1,1,0,0,23308,23308,1,medium,medium,2026-06-14T08:00:06+09:00,false,false,unknown
2026-07_late,2026年7月 下旬（16〜末日）,2026-07-17,ＫＫＲ蔵王 白銀荘,available,1,1,0,0,19700,19700,1,medium,medium,2026-06-14T10:00:06+09:00,false,false,unknown
2026-07_late,2026年7月 下旬（16〜末日）,2026-07-17,ル・ベール蔵王,available,1,1,0,0,28020,28020,1,medium,medium,2026-06-14T18:00:06+09:00,false,false,unknown
2026-07_late,2026年7月 下旬（16〜末日）,2026-07-17,吉田屋,available,1,1,0,0,18700,18700,1,medium,medium,2026-06-14T06:00:06+09:00,true,false,unknown
2026-07_late,2026年7月 下旬（16〜末日）,2026-07-17,名湯リゾート ルーセント,sold_out,1,0,1,0,,,0,low,medium,2026-06-01T20:58:30+09:00,false,false,unknown
2026-07_late,2026年7月 下旬（16〜末日）,2026-07-17,蔵王国際ホテル,available,1,1,0,0,64790,64790,1,medium,medium,2026-06-01T20:58:30+09:00,false,false,unknown
2026-07_late,2026年7月 下旬（16〜末日）,2026-07-18,HAMMOND,available,2,2,0,0,21257,21257,1,medium,high,2026-06-14T18:00:06+09:00,true,false,unknown
2026-07_late,2026年7月 下旬（16〜末日）,2026-07-18,JURIN,available,2,1,0,1,27679,27679,1,medium,high,2026-06-14T06:00:06+09:00,false,false,unknown
2026-07_late,2026年7月 下旬（16〜末日）,2026-07-18,ＫＫＲ蔵王 白銀荘,available,1,1,0,0,27700,27700,1,medium,medium,2026-06-14T12:00:06+09:00,false,false,unknown
2026-07_late,2026年7月 下旬（16〜末日）,2026-07-18,market_aggregate,available,1,1,0,0,12250,12250,1,medium,medium,2026-06-01T23:07:31+09:00,false,false,unknown
2026-07_late,2026年7月 下旬（16〜末日）,2026-07-18,たかみや瑠璃倶楽,available,1,1,0,0,,,0,low,medium,2026-06-14T00:47:47+09:00,false,false,unknown
2026-07_late,2026年7月 下旬（16〜末日）,2026-07-18,ホテル喜らく,not_found,1,0,0,1,,,0,low,medium,2026-06-05T00:29:41+09:00,false,true,unknown
2026-07_late,2026年7月 下旬（16〜末日）,2026-07-18,ル・ベール蔵王,available,2,2,0,0,33000,33000,2,high,high,2026-06-14T14:00:06+09:00,false,false,unknown
2026-07_late,2026年7月 下旬（16〜末日）,2026-07-18,三浦屋,available,2,2,0,0,22165,22165,2,high,high,2026-06-14T08:00:06+09:00,false,true,unknown
2026-07_late,2026年7月 下旬（16〜末日）,2026-07-18,吉田屋,available,2,2,0,0,35200,35200,1,medium,high,2026-06-14T10:00:06+09:00,true,false,unknown
2026-07_late,2026年7月 下旬（16〜末日）,2026-07-18,名湯リゾート ルーセント,sold_out,1,0,1,0,,,0,low,medium,2026-06-01T20:58:30+09:00,false,false,unknown
2026-07_late,2026年7月 下旬（16〜末日）,2026-07-18,深山荘 高見屋,available,1,1,0,0,110300,110300,1,medium,medium,2026-06-04T14:24:35+09:00,false,false,unknown
2026-07_late,2026年7月 下旬（16〜末日）,2026-07-18,蔵王四季のホテル,available,1,1,0,0,56620,56620,1,medium,medium,2026-06-04T16:16:23+09:00,false,false,unknown
2026-07_late,2026年7月 下旬（16〜末日）,2026-07-18,蔵王国際ホテル,available,3,2,1,0,55590,55590,2,high,high,2026-06-14T00:51:18+09:00,false,false,unknown
2026-07_late,2026年7月 下旬（16〜末日）,2026-07-19,JURIN,available,1,1,0,0,49500,49500,1,medium,medium,2026-06-14T06:00:06+09:00,false,false,unknown
2026-07_late,2026年7月 下旬（16〜末日）,2026-07-19,ＫＫＲ蔵王 白銀荘,available,1,1,0,0,27700,27700,1,medium,medium,2026-06-14T14:00:06+09:00,false,false,unknown
2026-07_late,2026年7月 下旬（16〜末日）,2026-07-19,market_aggregate,excluded,1,0,0,1,,,0,low,medium,2026-06-01T23:07:31+09:00,false,false,unknown
2026-07_late,2026年7月 下旬（16〜末日）,2026-07-19,たかみや瑠璃倶楽,available,1,1,0,0,,,0,low,medium,2026-06-14T00:47:47+09:00,false,false,unknown
2026-07_late,2026年7月 下旬（16〜末日）,2026-07-19,ル・ベール蔵王,available,1,1,0,0,31231,31231,1,medium,medium,2026-06-14T16:00:05+09:00,false,false,unknown
2026-07_late,2026年7月 下旬（16〜末日）,2026-07-19,三浦屋,available,2,2,0,0,23529,23529,2,high,high,2026-06-14T10:00:06+09:00,false,true,unknown
2026-07_late,2026年7月 下旬（16〜末日）,2026-07-19,吉田屋,available,1,1,0,0,30800,30800,1,medium,medium,2026-06-14T08:00:06+09:00,true,false,unknown
2026-07_late,2026年7月 下旬（16〜末日）,2026-07-19,名湯リゾート ルーセント,available,1,1,0,0,42900,42900,1,medium,medium,2026-06-01T20:58:30+09:00,false,false,unknown
2026-07_late,2026年7月 下旬（16〜末日）,2026-07-19,蔵王国際ホテル,available,2,1,1,0,60060,60060,1,medium,high,2026-06-14T00:51:18+09:00,false,false,unknown
2026-07_late,2026年7月 下旬（16〜末日）,2026-07-20,HAMMOND,available,1,1,0,0,10136,10136,1,medium,medium,2026-06-14T20:00:06+09:00,true,false,unknown
2026-07_late,2026年7月 下旬（16〜末日）,2026-07-20,JURIN,available,1,1,0,0,61050,61050,1,medium,medium,2026-06-14T12:00:06+09:00,false,false,unknown
2026-07_late,2026年7月 下旬（16〜末日）,2026-07-20,ＫＫＲ蔵王 白銀荘,available,1,1,0,0,19700,19700,1,medium,medium,2026-06-14T16:00:05+09:00,false,false,unknown
2026-07_late,2026年7月 下旬（16〜末日）,2026-07-20,market_aggregate,excluded,1,0,0,1,,,0,low,medium,2026-06-01T23:07:31+09:00,false,false,unknown
2026-07_late,2026年7月 下旬（16〜末日）,2026-07-20,たかみや瑠璃倶楽,available,1,1,0,0,,,0,low,medium,2026-06-14T01:44:08+09:00,false,false,unknown
2026-07_late,2026年7月 下旬（16〜末日）,2026-07-20,三浦屋,available,2,2,0,0,19096,19096,2,high,high,2026-06-14T10:00:06+09:00,false,true,unknown
2026-07_late,2026年7月 下旬（16〜末日）,2026-07-20,吉田屋,available,1,1,0,0,18700,18700,1,medium,medium,2026-06-14T08:00:06+09:00,true,false,unknown
2026-07_late,2026年7月 下旬（16〜末日）,2026-07-20,名湯リゾート ルーセント,available,1,1,0,0,31900,31900,1,medium,medium,2026-06-01T20:58:30+09:00,false,false,unknown
2026-07_late,2026年7月 下旬（16〜末日）,2026-07-20,深山荘 高見屋,available,1,1,0,0,,,0,low,medium,2026-06-14T00:47:47+09:00,false,false,unknown
2026-07_late,2026年7月 下旬（16〜末日）,2026-07-20,蔵王国際ホテル,available,2,2,0,0,64790,64790,1,medium,high,2026-06-14T01:16:12+09:00,false,false,unknown
2026-07_late,2026年7月 下旬（16〜末日）,2026-07-21,名湯リゾート ルーセント,sold_out,1,0,1,0,,,0,low,medium,2026-06-01T20:58:30+09:00,false,false,unknown
2026-07_late,2026年7月 下旬（16〜末日）,2026-07-21,蔵王国際ホテル,sold_out,1,0,1,0,,,0,low,medium,2026-06-01T20:58:30+09:00,false,false,unknown
2026-07_late,2026年7月 下旬（16〜末日）,2026-07-22,名湯リゾート ルーセント,available,1,1,0,0,34100,34100,1,medium,medium,2026-06-01T20:58:30+09:00,false,false,unknown
2026-07_late,2026年7月 下旬（16〜末日）,2026-07-22,蔵王国際ホテル,sold_out,1,0,1,0,,,0,low,medium,2026-06-01T20:58:30+09:00,false,false,unknown
2026-07_late,2026年7月 下旬（16〜末日）,2026-07-23,名湯リゾート ルーセント,available,1,1,0,0,34100,34100,1,medium,medium,2026-06-01T20:58:30+09:00,false,false,unknown
2026-07_late,2026年7月 下旬（16〜末日）,2026-07-23,蔵王国際ホテル,available,1,1,0,0,64790,64790,1,medium,medium,2026-06-01T20:58:30+09:00,false,false,unknown
2026-07_late,2026年7月 下旬（16〜末日）,2026-07-24,JURIN,available,1,1,0,0,40700,40700,1,medium,medium,2026-06-14T12:00:06+09:00,false,false,unknown
2026-07_late,2026年7月 下旬（16〜末日）,2026-07-24,ＫＫＲ蔵王 白銀荘,available,1,1,0,0,19700,19700,1,medium,medium,2026-06-14T16:00:05+09:00,false,false,unknown
2026-07_late,2026年7月 下旬（16〜末日）,2026-07-24,吉田屋,available,1,1,0,0,18700,18700,1,medium,medium,2026-06-14T10:00:06+09:00,true,false,unknown
2026-07_late,2026年7月 下旬（16〜末日）,2026-07-24,名湯リゾート ルーセント,sold_out,1,0,1,0,,,0,low,medium,2026-06-01T20:58:30+09:00,false,false,unknown
2026-07_late,2026年7月 下旬（16〜末日）,2026-07-24,蔵王国際ホテル,sold_out,1,0,1,0,,,0,low,medium,2026-06-01T20:58:30+09:00,false,false,unknown
2026-07_late,2026年7月 下旬（16〜末日）,2026-07-25,JURIN,available,1,1,0,0,25104,25104,1,medium,medium,2026-06-14T10:00:06+09:00,false,false,unknown
2026-07_late,2026年7月 下旬（16〜末日）,2026-07-25,ＫＫＲ蔵王 白銀荘,available,1,1,0,0,23700,23700,1,medium,medium,2026-06-14T18:00:06+09:00,false,false,unknown
2026-07_late,2026年7月 下旬（16〜末日）,2026-07-25,たかみや瑠璃倶楽,available,1,1,0,0,,,0,low,medium,2026-06-14T01:16:12+09:00,false,false,unknown
2026-07_late,2026年7月 下旬（16〜末日）,2026-07-25,ル・ベール蔵王,available,1,1,0,0,25809,25809,1,medium,medium,2026-06-14T20:00:06+09:00,false,false,unknown
2026-07_late,2026年7月 下旬（16〜末日）,2026-07-25,三浦屋,available,2,2,0,0,19608,19608,2,high,high,2026-06-14T12:00:06+09:00,false,true,unknown
2026-07_late,2026年7月 下旬（16〜末日）,2026-07-25,吉田屋,available,1,1,0,0,30800,30800,1,medium,medium,2026-06-14T14:00:06+09:00,true,false,unknown
2026-07_late,2026年7月 下旬（16〜末日）,2026-07-25,名湯リゾート ルーセント,available,1,1,0,0,42900,42900,1,medium,medium,2026-06-01T20:58:30+09:00,false,false,unknown
2026-07_late,2026年7月 下旬（16〜末日）,2026-07-25,深山荘 高見屋,available,1,1,0,0,,,0,low,medium,2026-06-14T00:47:47+09:00,false,false,unknown
2026-07_late,2026年7月 下旬（16〜末日）,2026-07-25,蔵王国際ホテル,available,2,1,1,0,50160,50160,1,medium,high,2026-06-14T01:44:08+09:00,false,false,unknown
2026-07_late,2026年7月 下旬（16〜末日）,2026-07-26,JURIN,available,1,1,0,0,24740,24740,1,medium,medium,2026-06-14T10:00:06+09:00,false,false,unknown
2026-07_late,2026年7月 下旬（16〜末日）,2026-07-26,ＫＫＲ蔵王 白銀荘,available,1,1,0,0,23700,23700,1,medium,medium,2026-06-14T18:00:06+09:00,false,false,unknown
2026-07_late,2026年7月 下旬（16〜末日）,2026-07-26,吉田屋,available,1,1,0,0,18700,18700,1,medium,medium,2026-06-14T12:00:06+09:00,true,false,unknown
2026-07_late,2026年7月 下旬（16〜末日）,2026-07-26,名湯リゾート ルーセント,sold_out,1,0,1,0,,,0,low,medium,2026-06-01T20:58:30+09:00,false,false,unknown
2026-07_late,2026年7月 下旬（16〜末日）,2026-07-26,蔵王国際ホテル,sold_out,1,0,1,0,,,0,low,medium,2026-06-01T20:58:30+09:00,false,false,unknown
2026-07_late,2026年7月 下旬（16〜末日）,2026-07-27,名湯リゾート ルーセント,available,1,1,0,0,34100,34100,1,medium,medium,2026-06-01T20:58:30+09:00,false,false,unknown
2026-07_late,2026年7月 下旬（16〜末日）,2026-07-27,蔵王国際ホテル,available,1,1,0,0,64790,64790,1,medium,medium,2026-06-01T20:58:30+09:00,false,false,unknown
2026-07_late,2026年7月 下旬（16〜末日）,2026-07-28,名湯リゾート ルーセント,sold_out,1,0,1,0,,,0,low,medium,2026-06-01T20:58:30+09:00,false,false,unknown
2026-07_late,2026年7月 下旬（16〜末日）,2026-07-28,蔵王国際ホテル,available,1,1,0,0,64790,64790,1,medium,medium,2026-06-01T20:58:30+09:00,false,false,unknown
2026-07_late,2026年7月 下旬（16〜末日）,2026-07-29,名湯リゾート ルーセント,available,1,1,0,0,34100,34100,1,medium,medium,2026-06-01T20:58:30+09:00,false,false,unknown
2026-07_late,2026年7月 下旬（16〜末日）,2026-07-29,蔵王国際ホテル,sold_out,1,0,1,0,,,0,low,medium,2026-06-01T20:58:30+09:00,false,false,unknown
2026-07_late,2026年7月 下旬（16〜末日）,2026-07-30,名湯リゾート ルーセント,available,1,1,0,0,34100,34100,1,medium,medium,2026-06-01T20:58:30+09:00,false,false,unknown
2026-07_late,2026年7月 下旬（16〜末日）,2026-07-30,蔵王国際ホテル,available,1,1,0,0,64790,64790,1,medium,medium,2026-06-01T20:58:30+09:00,false,false,unknown
2026-07_late,2026年7月 下旬（16〜末日）,2026-07-31,JURIN,available,1,1,0,0,23819,23819,1,medium,medium,2026-06-14T14:00:06+09:00,false,false,unknown
2026-07_late,2026年7月 下旬（16〜末日）,2026-07-31,ＫＫＲ蔵王 白銀荘,available,1,1,0,0,23700,23700,1,medium,medium,2026-06-14T20:00:06+09:00,false,false,unknown
2026-07_late,2026年7月 下旬（16〜末日）,2026-07-31,吉田屋,available,1,1,0,0,26400,26400,1,medium,medium,2026-06-14T12:00:06+09:00,true,false,unknown
2026-07_late,2026年7月 下旬（16〜末日）,2026-07-31,名湯リゾート ルーセント,available,1,1,0,0,38500,38500,1,medium,medium,2026-06-01T20:58:30+09:00,false,false,unknown
2026-07_late,2026年7月 下旬（16〜末日）,2026-07-31,蔵王国際ホテル,available,1,1,0,0,64790,64790,1,medium,medium,2026-06-01T20:58:30+09:00,false,false,unknown
2026-08_early,2026年8月 上旬（1〜15日）,2026-08-01,JURIN,available,1,1,0,0,49500,49500,1,medium,medium,2026-06-14T16:00:05+09:00,false,false,unknown
2026-08_early,2026年8月 上旬（1〜15日）,2026-08-01,ＫＫＲ蔵王 白銀荘,available,1,1,0,0,27700,27700,1,medium,medium,2026-06-14T20:00:06+09:00,false,false,unknown
2026-08_early,2026年8月 上旬（1〜15日）,2026-08-01,たかみや瑠璃倶楽,available,1,1,0,0,,,0,low,medium,2026-06-14T01:16:12+09:00,false,false,unknown
2026-08_early,2026年8月 上旬（1〜15日）,2026-08-01,三浦屋,available,2,2,0,0,20801,20801,2,high,high,2026-06-14T12:00:06+09:00,false,true,unknown
2026-08_early,2026年8月 上旬（1〜15日）,2026-08-01,吉田屋,available,1,1,0,0,30800,30800,1,medium,medium,2026-06-14T14:00:06+09:00,true,false,unknown
2026-08_early,2026年8月 上旬（1〜15日）,2026-08-01,名湯リゾート ルーセント,available,1,1,0,0,42900,42900,1,medium,medium,2026-06-01T20:58:30+09:00,false,false,unknown
2026-08_early,2026年8月 上旬（1〜15日）,2026-08-01,深山荘 高見屋,available,1,1,0,0,,,0,low,medium,2026-06-14T00:51:18+09:00,false,false,unknown
2026-08_early,2026年8月 上旬（1〜15日）,2026-08-01,蔵王国際ホテル,available,2,1,1,0,46200,46200,1,medium,high,2026-06-14T01:44:08+09:00,false,false,unknown
2026-08_early,2026年8月 上旬（1〜15日）,2026-08-02,JURIN,available,1,1,0,0,45100,45100,1,medium,medium,2026-06-14T14:00:06+09:00,false,false,unknown
2026-08_early,2026年8月 上旬（1〜15日）,2026-08-02,吉田屋,available,1,1,0,0,26400,26400,1,medium,medium,2026-06-14T16:00:05+09:00,true,false,unknown
2026-08_early,2026年8月 上旬（1〜15日）,2026-08-07,JURIN,available,1,1,0,0,46200,46200,1,medium,medium,2026-06-14T18:00:06+09:00,false,false,unknown
2026-08_early,2026年8月 上旬（1〜15日）,2026-08-07,吉田屋,available,1,1,0,0,30800,30800,1,medium,medium,2026-06-14T16:00:05+09:00,true,false,unknown
2026-08_early,2026年8月 上旬（1〜15日）,2026-08-08,HAMMOND,available,1,1,0,0,,,0,low,medium,2026-06-05T00:29:41+09:00,true,false,unknown
2026-08_early,2026年8月 上旬（1〜15日）,2026-08-08,JURIN,available,2,1,0,1,53900,53900,1,medium,high,2026-06-14T16:00:05+09:00,false,false,unknown
2026-08_early,2026年8月 上旬（1〜15日）,2026-08-08,market_aggregate,available,1,1,0,0,25000,25000,1,medium,medium,2026-06-01T23:07:31+09:00,false,false,unknown
2026-08_early,2026年8月 上旬（1〜15日）,2026-08-08,たかみや瑠璃倶楽,available,1,1,0,0,,,0,low,medium,2026-06-14T01:44:08+09:00,false,false,unknown
2026-08_early,2026年8月 上旬（1〜15日）,2026-08-08,ホテル喜らく,not_found,1,0,0,1,,,0,low,medium,2026-06-05T00:29:41+09:00,false,true,unknown
2026-08_early,2026年8月 上旬（1〜15日）,2026-08-08,ル・ベール蔵王,available,1,1,0,0,25000,25000,1,medium,medium,2026-06-05T00:29:41+09:00,false,false,unknown
2026-08_early,2026年8月 上旬（1〜15日）,2026-08-08,三浦屋,available,2,2,0,0,20801,20801,2,high,high,2026-06-14T14:00:06+09:00,false,true,unknown
2026-08_early,2026年8月 上旬（1〜15日）,2026-08-08,吉田屋,available,2,2,0,0,39600,39600,1,medium,high,2026-06-14T18:00:06+09:00,true,false,unknown
2026-08_early,2026年8月 上旬（1〜15日）,2026-08-08,深山荘 高見屋,available,1,1,0,0,,,0,low,medium,2026-06-14T00:51:18+09:00,false,false,unknown
2026-08_early,2026年8月 上旬（1〜15日）,2026-08-08,蔵王国際ホテル,available,1,1,0,0,64680,64680,1,medium,medium,2026-06-14T01:51:59+09:00,false,false,unknown
2026-08_early,2026年8月 上旬（1〜15日）,2026-08-09,JURIN,available,1,1,0,0,30258,30258,1,medium,medium,2026-06-14T20:00:06+09:00,false,false,unknown
2026-08_early,2026年8月 上旬（1〜15日）,2026-08-09,market_aggregate,available,1,1,0,0,44150,44150,1,medium,medium,2026-06-01T23:07:31+09:00,false,false,unknown
2026-08_early,2026年8月 上旬（1〜15日）,2026-08-09,たかみや瑠璃倶楽,available,1,1,0,0,,,0,low,medium,2026-06-14T02:00:06+09:00,false,false,unknown
2026-08_early,2026年8月 上旬（1〜15日）,2026-08-09,三浦屋,available,2,2,0,0,23018,23018,2,high,high,2026-06-14T14:00:06+09:00,false,true,unknown
2026-08_early,2026年8月 上旬（1〜15日）,2026-08-09,吉田屋,available,1,1,0,0,39600,39600,1,medium,medium,2026-06-14T18:00:06+09:00,true,false,unknown
2026-08_early,2026年8月 上旬（1〜15日）,2026-08-09,蔵王国際ホテル,available,1,1,0,0,67760,67760,1,medium,medium,2026-06-14T01:51:59+09:00,false,false,unknown
2026-08_early,2026年8月 上旬（1〜15日）,2026-08-10,HAMMOND,available,1,1,0,0,,,0,low,medium,2026-06-13T09:00:05+09:00,true,false,unknown
2026-08_early,2026年8月 上旬（1〜15日）,2026-08-10,JURIN,available,2,2,0,0,53900,53900,1,medium,high,2026-06-14T18:00:06+09:00,false,false,unknown
2026-08_early,2026年8月 上旬（1〜15日）,2026-08-10,market_aggregate,available,1,1,0,0,37950,37950,1,medium,medium,2026-06-01T23:07:31+09:00,false,false,unknown
2026-08_early,2026年8月 上旬（1〜15日）,2026-08-10,たかみや瑠璃倶楽,available,1,1,0,0,,,0,low,medium,2026-06-14T01:51:59+09:00,false,false,unknown
2026-08_early,2026年8月 上旬（1〜15日）,2026-08-10,ホテル喜らく,available,1,1,0,0,31700,31700,1,medium,medium,2026-06-13T09:00:05+09:00,false,true,unknown
2026-08_early,2026年8月 上旬（1〜15日）,2026-08-10,ル・ベール蔵王,available,1,1,0,0,25000,25000,1,medium,medium,2026-06-13T09:00:05+09:00,false,false,unknown
2026-08_early,2026年8月 上旬（1〜15日）,2026-08-10,三浦屋,available,1,1,0,0,21450,21450,1,medium,medium,2026-06-14T16:00:05+09:00,false,true,unknown
2026-08_early,2026年8月 上旬（1〜15日）,2026-08-10,吉田屋,available,2,2,0,0,39600,39600,1,medium,high,2026-06-14T20:00:06+09:00,true,false,unknown
2026-08_early,2026年8月 上旬（1〜15日）,2026-08-10,深山荘 高見屋,available,1,1,0,0,68850,68850,1,medium,medium,2026-06-13T09:00:06+09:00,false,false,unknown
2026-08_early,2026年8月 上旬（1〜15日）,2026-08-10,蔵王四季のホテル,available,1,1,0,0,63360,63360,1,medium,medium,2026-06-13T09:00:06+09:00,false,false,unknown
2026-08_early,2026年8月 上旬（1〜15日）,2026-08-10,蔵王国際ホテル,available,2,2,0,0,63910,63910,2,high,high,2026-06-14T02:00:06+09:00,false,false,unknown
2026-08_early,2026年8月 上旬（1〜15日）,2026-08-11,market_aggregate,available,1,1,0,0,45100,45100,1,medium,medium,2026-06-01T23:07:31+09:00,false,false,unknown
2026-08_early,2026年8月 上旬（1〜15日）,2026-08-11,たかみや瑠璃倶楽,available,1,1,0,0,,,0,low,medium,2026-06-14T01:51:59+09:00,false,false,unknown
2026-08_early,2026年8月 上旬（1〜15日）,2026-08-11,三浦屋,available,1,1,0,0,22770,22770,1,medium,medium,2026-06-14T16:00:05+09:00,false,true,unknown
2026-08_early,2026年8月 上旬（1〜15日）,2026-08-11,吉田屋,available,1,1,0,0,39600,39600,1,medium,medium,2026-06-14T20:00:06+09:00,true,false,unknown
2026-08_early,2026年8月 上旬（1〜15日）,2026-08-11,蔵王国際ホテル,available,1,1,0,0,72380,72380,1,medium,medium,2026-06-14T02:00:06+09:00,false,false,unknown
2026-08_early,2026年8月 上旬（1〜15日）,2026-08-12,JURIN,available,1,1,0,0,62700,62700,1,medium,medium,2026-06-14T20:00:06+09:00,false,false,unknown
2026-08_early,2026年8月 上旬（1〜15日）,2026-08-12,market_aggregate,available,1,1,0,0,45100,45100,1,medium,medium,2026-06-01T23:07:31+09:00,false,false,unknown
2026-08_early,2026年8月 上旬（1〜15日）,2026-08-12,たかみや瑠璃倶楽,available,1,1,0,0,,,0,low,medium,2026-06-14T02:00:06+09:00,false,false,unknown
2026-08_early,2026年8月 上旬（1〜15日）,2026-08-12,三浦屋,available,1,1,0,0,21120,21120,1,medium,medium,2026-06-14T18:00:06+09:00,false,true,unknown
2026-08_early,2026年8月 上旬（1〜15日）,2026-08-12,深山荘 高見屋,available,1,1,0,0,97100,97100,1,medium,medium,2026-06-04T16:16:23+09:00,false,false,unknown
2026-08_early,2026年8月 上旬（1〜15日）,2026-08-12,蔵王四季のホテル,available,1,1,0,0,63660,63660,1,medium,medium,2026-06-04T16:16:23+09:00,false,false,unknown
2026-08_early,2026年8月 上旬（1〜15日）,2026-08-12,蔵王国際ホテル,available,2,2,0,0,66370,66370,2,high,high,2026-06-14T04:00:05+09:00,false,false,unknown
2026-08_early,2026年8月 上旬（1〜15日）,2026-08-13,market_aggregate,available,1,1,0,0,45100,45100,1,medium,medium,2026-06-01T23:07:31+09:00,false,false,unknown
2026-08_early,2026年8月 上旬（1〜15日）,2026-08-13,たかみや瑠璃倶楽,available,1,1,0,0,,,0,low,medium,2026-06-14T06:00:06+09:00,false,false,unknown
2026-08_early,2026年8月 上旬（1〜15日）,2026-08-13,三浦屋,available,1,1,0,0,23925,23925,1,medium,medium,2026-06-14T18:00:06+09:00,false,true,unknown
2026-08_early,2026年8月 上旬（1〜15日）,2026-08-13,蔵王国際ホテル,available,1,1,0,0,72380,72380,1,medium,medium,2026-06-14T04:00:05+09:00,false,false,unknown
2026-08_early,2026年8月 上旬（1〜15日）,2026-08-14,market_aggregate,available,1,1,0,0,36850,36850,1,medium,medium,2026-06-01T23:07:31+09:00,false,false,unknown
2026-08_early,2026年8月 上旬（1〜15日）,2026-08-14,たかみや瑠璃倶楽,available,1,1,0,0,,,0,low,medium,2026-06-14T04:00:05+09:00,false,false,unknown
2026-08_early,2026年8月 上旬（1〜15日）,2026-08-14,三浦屋,available,1,1,0,0,25575,25575,1,medium,medium,2026-06-14T20:00:06+09:00,false,true,unknown
2026-08_early,2026年8月 上旬（1〜15日）,2026-08-14,蔵王国際ホテル,available,1,1,0,0,67760,67760,1,medium,medium,2026-06-14T06:00:06+09:00,false,false,unknown
2026-08_early,2026年8月 上旬（1〜15日）,2026-08-15,market_aggregate,available,1,1,0,0,,,0,low,medium,2026-06-01T23:07:31+09:00,false,false,unknown
2026-08_early,2026年8月 上旬（1〜15日）,2026-08-15,たかみや瑠璃倶楽,available,1,1,0,0,,,0,low,medium,2026-06-14T04:00:05+09:00,false,false,unknown
2026-08_early,2026年8月 上旬（1〜15日）,2026-08-15,三浦屋,available,1,1,0,0,25575,25575,1,medium,medium,2026-06-14T20:00:06+09:00,false,true,unknown
2026-08_early,2026年8月 上旬（1〜15日）,2026-08-15,深山荘 高見屋,available,1,1,0,0,81700,81700,1,medium,medium,2026-06-04T16:16:23+09:00,false,false,unknown
2026-08_early,2026年8月 上旬（1〜15日）,2026-08-15,蔵王四季のホテル,available,1,1,0,0,53100,53100,1,medium,medium,2026-06-04T16:16:23+09:00,false,false,unknown
2026-08_early,2026年8月 上旬（1〜15日）,2026-08-15,蔵王国際ホテル,available,2,2,0,0,55590,55590,2,high,high,2026-06-14T08:00:06+09:00,false,false,unknown
2026-08_late,2026年8月 下旬（16〜末日）,2026-08-16,たかみや瑠璃倶楽,available,1,1,0,0,,,0,low,medium,2026-06-14T06:00:06+09:00,false,false,unknown
2026-08_late,2026年8月 下旬（16〜末日）,2026-08-22,たかみや瑠璃倶楽,available,1,1,0,0,,,0,low,medium,2026-06-14T08:00:06+09:00,false,false,unknown
2026-09_late,2026年9月 下旬（16〜末日）,2026-09-19,たかみや瑠璃倶楽,available,1,1,0,0,,,0,low,medium,2026-06-14T10:00:06+09:00,false,false,unknown
2026-09_late,2026年9月 下旬（16〜末日）,2026-09-19,ホテル喜らく,available,1,1,0,0,29900,29900,1,medium,medium,2026-06-14T02:00:06+09:00,false,true,unknown
2026-09_late,2026年9月 下旬（16〜末日）,2026-09-19,ル・ベール蔵王,available,1,1,0,0,28020,28020,1,medium,medium,2026-06-14T12:00:06+09:00,false,false,unknown
2026-09_late,2026年9月 下旬（16〜末日）,2026-09-19,三浦屋,available,1,1,0,0,24992,24992,1,medium,medium,2026-06-14T14:00:06+09:00,false,true,unknown
2026-09_late,2026年9月 下旬（16〜末日）,2026-09-19,深山荘 高見屋,available,2,2,0,0,83900,83900,1,medium,high,2026-06-14T01:44:08+09:00,false,false,unknown
2026-09_late,2026年9月 下旬（16〜末日）,2026-09-19,蔵王四季のホテル,available,2,2,0,0,70000,70000,2,high,high,2026-06-14T01:51:59+09:00,false,false,unknown
2026-09_late,2026年9月 下旬（16〜末日）,2026-09-19,蔵王国際ホテル,available,2,2,0,0,69450,69450,2,high,high,2026-06-14T16:00:05+09:00,false,false,unknown
2026-09_late,2026年9月 下旬（16〜末日）,2026-09-20,たかみや瑠璃倶楽,available,1,1,0,0,,,0,low,medium,2026-06-14T18:00:06+09:00,false,false,unknown
2026-09_late,2026年9月 下旬（16〜末日）,2026-09-20,ホテル喜らく,available,1,1,0,0,31100,31100,1,medium,medium,2026-06-14T02:00:06+09:00,false,true,unknown
2026-09_late,2026年9月 下旬（16〜末日）,2026-09-20,ル・ベール蔵王,available,1,1,0,0,38000,38000,1,medium,medium,2026-06-14T14:00:06+09:00,false,false,unknown
2026-09_late,2026年9月 下旬（16〜末日）,2026-09-20,三浦屋,available,1,1,0,0,24992,24992,1,medium,medium,2026-06-14T12:00:06+09:00,false,true,unknown
2026-09_late,2026年9月 下旬（16〜末日）,2026-09-20,深山荘 高見屋,available,1,1,0,0,,,0,low,medium,2026-06-14T01:44:08+09:00,false,false,unknown
2026-09_late,2026年9月 下旬（16〜末日）,2026-09-20,蔵王四季のホテル,available,1,1,0,0,69300,69300,1,medium,medium,2026-06-14T01:51:59+09:00,false,false,unknown
2026-09_late,2026年9月 下旬（16〜末日）,2026-09-20,蔵王国際ホテル,available,1,1,0,0,70840,70840,1,medium,medium,2026-06-14T16:00:05+09:00,false,false,unknown
2026-09_late,2026年9月 下旬（16〜末日）,2026-09-21,たかみや瑠璃倶楽,available,1,1,0,0,,,0,low,medium,2026-06-14T18:00:06+09:00,false,false,unknown
2026-09_late,2026年9月 下旬（16〜末日）,2026-09-21,ホテル喜らく,available,1,1,0,0,29900,29900,1,medium,medium,2026-06-14T04:00:05+09:00,false,true,unknown
2026-09_late,2026年9月 下旬（16〜末日）,2026-09-21,ル・ベール蔵王,available,1,1,0,0,38000,38000,1,medium,medium,2026-06-14T16:00:05+09:00,false,false,unknown
2026-09_late,2026年9月 下旬（16〜末日）,2026-09-21,三浦屋,available,1,1,0,0,24288,24288,1,medium,medium,2026-06-14T14:00:06+09:00,false,true,unknown
2026-09_late,2026年9月 下旬（16〜末日）,2026-09-21,深山荘 高見屋,sold_out,1,0,1,0,,,0,low,medium,2026-06-14T01:51:59+09:00,false,false,unknown
2026-09_late,2026年9月 下旬（16〜末日）,2026-09-21,蔵王四季のホテル,available,1,1,0,0,69300,69300,1,medium,medium,2026-06-14T01:44:08+09:00,false,false,unknown
2026-09_late,2026年9月 下旬（16〜末日）,2026-09-21,蔵王国際ホテル,available,1,1,0,0,70840,70840,1,medium,medium,2026-06-14T12:00:06+09:00,false,false,unknown
2026-09_late,2026年9月 下旬（16〜末日）,2026-09-22,たかみや瑠璃倶楽,available,1,1,0,0,,,0,low,medium,2026-06-14T20:00:06+09:00,false,false,unknown
2026-09_late,2026年9月 下旬（16〜末日）,2026-09-22,ホテル喜らく,available,1,1,0,0,29400,29400,1,medium,medium,2026-06-14T04:00:05+09:00,false,true,unknown
2026-09_late,2026年9月 下旬（16〜末日）,2026-09-22,ル・ベール蔵王,available,1,1,0,0,38000,38000,1,medium,medium,2026-06-14T18:00:06+09:00,false,false,unknown
2026-09_late,2026年9月 下旬（16〜末日）,2026-09-22,三浦屋,available,1,1,0,0,22880,22880,1,medium,medium,2026-06-14T16:00:05+09:00,false,true,unknown
2026-09_late,2026年9月 下旬（16〜末日）,2026-09-22,深山荘 高見屋,available,1,1,0,0,,,0,low,medium,2026-06-14T01:51:59+09:00,false,false,unknown
2026-09_late,2026年9月 下旬（16〜末日）,2026-09-22,蔵王四季のホテル,available,1,1,0,0,66220,66220,1,medium,medium,2026-06-14T01:44:08+09:00,false,false,unknown
2026-09_late,2026年9月 下旬（16〜末日）,2026-09-22,蔵王国際ホテル,available,1,1,0,0,72380,72380,1,medium,medium,2026-06-14T14:00:06+09:00,false,false,unknown
2026-09_late,2026年9月 下旬（16〜末日）,2026-09-23,ホテル喜らく,available,1,1,0,0,28800,28800,1,medium,medium,2026-06-14T01:44:08+09:00,false,true,unknown
2026-09_late,2026年9月 下旬（16〜末日）,2026-09-23,ル・ベール蔵王,available,1,1,0,0,36000,36000,1,medium,medium,2026-06-14T20:00:06+09:00,false,false,unknown
2026-10_early,2026年10月 上旬（1〜15日）,2026-10-10,HAMMOND,available,1,1,0,0,,,0,low,medium,2026-06-05T00:29:41+09:00,true,false,unknown
2026-10_early,2026年10月 上旬（1〜15日）,2026-10-10,JURIN,excluded,1,0,0,1,,,0,low,medium,2026-06-05T00:29:41+09:00,false,false,unknown
2026-10_early,2026年10月 上旬（1〜15日）,2026-10-10,market_aggregate,available,1,1,0,0,13500,13500,1,medium,medium,2026-06-01T23:07:31+09:00,false,false,unknown
2026-10_early,2026年10月 上旬（1〜15日）,2026-10-10,たかみや瑠璃倶楽,available,1,1,0,0,,,0,low,medium,2026-06-14T20:00:06+09:00,false,false,unknown
2026-10_early,2026年10月 上旬（1〜15日）,2026-10-10,ホテル喜らく,available,1,1,0,0,31100,31100,1,medium,medium,2026-06-14T01:44:08+09:00,false,true,unknown
2026-10_early,2026年10月 上旬（1〜15日）,2026-10-10,ル・ベール蔵王,available,1,1,0,0,29000,29000,1,medium,medium,2026-06-05T00:29:41+09:00,false,false,unknown
2026-10_early,2026年10月 上旬（1〜15日）,2026-10-10,三浦屋,available,1,1,0,0,24992,24992,1,medium,medium,2026-06-14T16:00:05+09:00,false,true,unknown
2026-10_early,2026年10月 上旬（1〜15日）,2026-10-10,吉田屋,available,1,1,0,0,,,0,low,medium,2026-06-05T00:29:41+09:00,true,false,unknown
2026-10_early,2026年10月 上旬（1〜15日）,2026-10-10,深山荘 高見屋,available,2,2,0,0,88300,88300,1,medium,high,2026-06-14T02:00:06+09:00,false,false,unknown
2026-10_early,2026年10月 上旬（1〜15日）,2026-10-10,蔵王四季のホテル,available,2,2,0,0,76600,76600,2,high,high,2026-06-14T04:00:05+09:00,false,false,unknown
2026-10_early,2026年10月 上旬（1〜15日）,2026-10-10,蔵王国際ホテル,available,2,2,0,0,75610,75610,2,high,high,2026-06-14T18:00:06+09:00,false,false,unknown
2026-10_early,2026年10月 上旬（1〜15日）,2026-10-11,たかみや瑠璃倶楽,available,1,1,0,0,,,0,low,medium,2026-06-14T16:00:05+09:00,false,false,unknown
2026-10_early,2026年10月 上旬（1〜15日）,2026-10-11,ホテル喜らく,available,1,1,0,0,31100,31100,1,medium,medium,2026-06-14T01:51:59+09:00,false,true,unknown
2026-10_early,2026年10月 上旬（1〜15日）,2026-10-11,三浦屋,available,1,1,0,0,24288,24288,1,medium,medium,2026-06-14T18:00:06+09:00,false,true,unknown
2026-10_early,2026年10月 上旬（1〜15日）,2026-10-11,深山荘 高見屋,available,1,1,0,0,,,0,low,medium,2026-06-14T02:00:06+09:00,false,false,unknown
2026-10_early,2026年10月 上旬（1〜15日）,2026-10-11,蔵王四季のホテル,available,1,1,0,0,72380,72380,1,medium,medium,2026-06-14T04:00:05+09:00,false,false,unknown
2026-10_early,2026年10月 上旬（1〜15日）,2026-10-11,蔵王国際ホテル,available,1,1,0,0,77000,77000,1,medium,medium,2026-06-14T20:00:06+09:00,false,false,unknown
2026-10_early,2026年10月 上旬（1〜15日）,2026-10-12,ホテル喜らく,available,1,1,0,0,28800,28800,1,medium,medium,2026-06-14T01:51:59+09:00,false,true,unknown
2026-10_late,2026年10月 下旬（16〜末日）,2026-10-17,ホテル喜らく,available,1,1,0,0,28800,28800,1,medium,medium,2026-06-14T06:00:06+09:00,false,true,unknown
2026-10_late,2026年10月 下旬（16〜末日）,2026-10-17,三浦屋,available,1,1,0,0,23760,23760,1,medium,medium,2026-06-14T18:00:06+09:00,false,true,unknown
2026-10_late,2026年10月 下旬（16〜末日）,2026-10-17,深山荘 高見屋,available,1,1,0,0,,,0,low,medium,2026-06-14T04:00:05+09:00,false,false,unknown
2026-10_late,2026年10月 下旬（16〜末日）,2026-10-17,蔵王四季のホテル,available,1,1,0,0,58520,58520,1,medium,medium,2026-06-14T02:00:06+09:00,false,false,unknown
2026-10_late,2026年10月 下旬（16〜末日）,2026-10-17,蔵王国際ホテル,available,1,1,0,0,72380,72380,1,medium,medium,2026-06-14T20:00:06+09:00,false,false,unknown
2026-10_late,2026年10月 下旬（16〜末日）,2026-10-24,ホテル喜らく,available,1,1,0,0,28800,28800,1,medium,medium,2026-06-14T06:00:06+09:00,false,true,unknown
2026-10_late,2026年10月 下旬（16〜末日）,2026-10-24,三浦屋,available,1,1,0,0,23760,23760,1,medium,medium,2026-06-14T20:00:06+09:00,false,true,unknown
2026-10_late,2026年10月 下旬（16〜末日）,2026-10-24,深山荘 高見屋,available,1,1,0,0,,,0,low,medium,2026-06-14T04:00:05+09:00,false,false,unknown
2026-10_late,2026年10月 下旬（16〜末日）,2026-10-24,蔵王四季のホテル,available,1,1,0,0,66220,66220,1,medium,medium,2026-06-14T02:00:06+09:00,false,false,unknown
2026-10_late,2026年10月 下旬（16〜末日）,2026-10-24,蔵王国際ホテル,available,1,1,0,0,72380,72380,1,medium,medium,2026-06-14T18:00:06+09:00,false,false,unknown
2026-10_late,2026年10月 下旬（16〜末日）,2026-10-31,ホテル喜らく,available,1,1,0,0,28800,28800,1,medium,medium,2026-06-14T10:00:06+09:00,false,true,unknown
2026-10_late,2026年10月 下旬（16〜末日）,2026-10-31,三浦屋,available,1,1,0,0,23760,23760,1,medium,medium,2026-06-14T20:00:06+09:00,false,true,unknown
2026-10_late,2026年10月 下旬（16〜末日）,2026-10-31,深山荘 高見屋,available,1,1,0,0,,,0,low,medium,2026-06-14T06:00:06+09:00,false,false,unknown
2026-10_late,2026年10月 下旬（16〜末日）,2026-10-31,蔵王四季のホテル,available,1,1,0,0,58520,58520,1,medium,medium,2026-06-14T08:00:06+09:00,false,false,unknown
2026-11_early,2026年11月 上旬（1〜15日）,2026-11-03,ホテル喜らく,sold_out,1,0,1,0,,,0,low,medium,2026-06-14T08:00:06+09:00,false,true,unknown
2026-11_early,2026年11月 上旬（1〜15日）,2026-11-07,ホテル喜らく,sold_out,1,0,1,0,,,0,low,medium,2026-06-14T10:00:06+09:00,false,true,unknown
2026-11_early,2026年11月 上旬（1〜15日）,2026-11-07,深山荘 高見屋,available,1,1,0,0,,,0,low,medium,2026-06-14T06:00:06+09:00,false,false,unknown
2026-11_early,2026年11月 上旬（1〜15日）,2026-11-07,蔵王四季のホテル,available,1,1,0,0,55440,55440,1,medium,medium,2026-06-14T08:00:06+09:00,false,false,unknown
2026-11_late,2026年11月 下旬（16〜末日）,2026-11-21,ホテル喜らく,sold_out,1,0,1,0,,,0,low,medium,2026-06-14T12:00:06+09:00,false,true,unknown
2026-11_late,2026年11月 下旬（16〜末日）,2026-11-21,深山荘 高見屋,available,1,1,0,0,,,0,low,medium,2026-06-14T08:00:06+09:00,false,false,unknown
2026-11_late,2026年11月 下旬（16〜末日）,2026-11-21,蔵王四季のホテル,available,1,1,0,0,63140,63140,1,medium,medium,2026-06-14T06:00:06+09:00,false,false,unknown
2026-11_late,2026年11月 下旬（16〜末日）,2026-11-22,ホテル喜らく,sold_out,1,0,1,0,,,0,low,medium,2026-06-14T12:00:06+09:00,false,true,unknown
2026-11_late,2026年11月 下旬（16〜末日）,2026-11-22,深山荘 高見屋,available,1,1,0,0,,,0,low,medium,2026-06-14T08:00:06+09:00,false,false,unknown
2026-11_late,2026年11月 下旬（16〜末日）,2026-11-22,蔵王四季のホテル,available,1,1,0,0,58520,58520,1,medium,medium,2026-06-14T06:00:06+09:00,false,false,unknown
2026-11_late,2026年11月 下旬（16〜末日）,2026-11-23,ホテル喜らく,sold_out,1,0,1,0,,,0,low,medium,2026-06-14T08:00:06+09:00,false,true,unknown
2026-12_early,2026年12月 上旬（1〜15日）,2026-12-12,market_aggregate,excluded,1,0,0,1,,,0,low,medium,2026-06-01T23:07:31+09:00,false,false,unknown
2026-12_early,2026年12月 上旬（1〜15日）,2026-12-12,深山荘 高見屋,available,1,1,0,0,59700,59700,1,medium,medium,2026-06-04T16:16:23+09:00,false,false,unknown
2026-12_early,2026年12月 上旬（1〜15日）,2026-12-12,蔵王四季のホテル,available,1,1,0,0,61900,61900,1,medium,medium,2026-06-04T16:16:23+09:00,false,false,unknown
2026-12_early,2026年12月 上旬（1〜15日）,2026-12-12,蔵王国際ホテル,available,1,1,0,0,51120,51120,1,medium,medium,2026-06-04T16:16:23+09:00,false,false,unknown
2026-12_late,2026年12月 下旬（16〜末日）,2026-12-19,ホテル喜らく,sold_out,1,0,1,0,,,0,low,medium,2026-06-14T14:00:06+09:00,false,true,unknown
2026-12_late,2026年12月 下旬（16〜末日）,2026-12-19,深山荘 高見屋,available,1,1,0,0,,,0,low,medium,2026-06-14T10:00:06+09:00,false,false,unknown
2026-12_late,2026年12月 下旬（16〜末日）,2026-12-19,蔵王四季のホテル,available,1,1,0,0,83600,83600,1,medium,medium,2026-06-14T12:00:06+09:00,false,false,unknown
2026-12_late,2026年12月 下旬（16〜末日）,2026-12-26,深山荘 高見屋,sold_out,1,0,1,0,,,0,low,medium,2026-06-14T16:00:05+09:00,false,false,unknown
2026-12_late,2026年12月 下旬（16〜末日）,2026-12-26,蔵王四季のホテル,available,1,1,0,0,151800,151800,1,medium,medium,2026-06-14T10:00:06+09:00,false,false,unknown
2026-12_late,2026年12月 下旬（16〜末日）,2026-12-28,蔵王四季のホテル,available,1,1,0,0,156200,156200,1,medium,medium,2026-06-14T10:00:06+09:00,false,false,unknown
2026-12_late,2026年12月 下旬（16〜末日）,2026-12-29,蔵王四季のホテル,available,1,1,0,0,160600,160600,1,medium,medium,2026-06-14T14:00:06+09:00,false,false,unknown
