row_id,row_hash,shard_month,collected_date_jst,collected_at_jst,normalized_at_jst,source,source_phase,collector_stage,canonical_property_name,source_property_name,property_identity_match,source_property_id,source_slug_or_code,checkin,checkout,stay_nights,group_adults,no_rooms,group_children,currency,language,stay_scope,availability_status,sold_out_status,normalized_total_price,normalized_total_price_source,normalized_total_price_basis,normalized_total_price_confidence,basis_confidence,basis_note,source_primary_price,source_secondary_price_or_adder,source_computed_total,source_tax_or_fee_classification,source_classification,is_price_usable_for_dp_direct,is_price_usable_for_dp_directional,is_price_excluded_from_dp,dp_exclusion_reason,warning_flags,source_report_path,source_csv_path,debug_artifact_path,schema_version
2026-06-24|jalan|ペンション木いちご|yad325769|2027-02-06|2027-02-07|2_adults_1_room_1_night,a2e8f1f0eeb4dd1b835834585c75352a5c84c557658624707478b7c2b6f62412,2027_02,2026-06-24,2026-06-24T10:00:06+09:00,2026-06-24T10:00:06+09:00,jalan,AUTO-RUNNER10X,integrated_jalan_bounded_live,ペンション木いちご,国内旅行・海外旅行や宿・ホテルの宿泊予約はじゃらんnet　～日本最大級の宿・ホテル予約サイト～,true,yad325769,yad325769,2027-02-06,2027-02-07,1,2,1,0,JPY,ja,2_adults_1_room_1_night,sold_out,sold_out,,,missing_or_unclear,insufficient,insufficient,selected_date_calendar_sold_out,,,,missing_or_unclear,jalan_sold_out_excluded,false,false,true,sold_out_without_price,page_chrome_coupon_or_discount_evidence;tax_included_total_not_confirmed,,,/Users/gini/Documents/ZMI/zao-market-intelligence/.data/debug/auto-runner-market-refresh-rotating/20260624_100005/jalan/classification_decisions/yad325769_2027-02-06.json,zao_local_history_v1
2026-06-24|jalan|ペンション木いちご|yad325769|2027-02-11|2027-02-12|2_adults_1_room_1_night,add81c147a4ecb3f741636fc2a3f7ad10f0348d1c6b4737be88680c0009db635,2027_02,2026-06-24,2026-06-24T20:00:06+09:00,2026-06-24T20:00:06+09:00,jalan,AUTO-RUNNER10X,integrated_jalan_bounded_live,ペンション木いちご,国内旅行・海外旅行や宿・ホテルの宿泊予約はじゃらんnet　～日本最大級の宿・ホテル予約サイト～,true,yad325769,yad325769,2027-02-11,2027-02-12,1,2,1,0,JPY,ja,2_adults_1_room_1_night,sold_out,sold_out,,,missing_or_unclear,insufficient,insufficient,selected_date_calendar_sold_out,,,,missing_or_unclear,jalan_sold_out_excluded,false,false,true,sold_out_without_price,page_chrome_coupon_or_discount_evidence;tax_included_total_not_confirmed,,,/Users/gini/Documents/ZMI/zao-market-intelligence/.data/debug/auto-runner-market-refresh-rotating/20260624_200006/jalan/classification_decisions/yad325769_2027-02-11.json,zao_local_history_v1
2026-06-25|jalan|ペンション木いちご|yad325769|2027-02-06|2027-02-07|2_adults_1_room_1_night,2362cd3bcf33b6436fbf1778f562be1d45a14a93f9bd8a4e4d93576a2774047c,2027_02,2026-06-25,2026-06-25T20:00:05+09:00,2026-06-25T20:00:05+09:00,jalan,AUTO-RUNNER10X,integrated_jalan_bounded_live,ペンション木いちご,国内旅行・海外旅行や宿・ホテルの宿泊予約はじゃらんnet　～日本最大級の宿・ホテル予約サイト～,true,yad325769,yad325769,2027-02-06,2027-02-07,1,2,1,0,JPY,ja,2_adults_1_room_1_night,sold_out,sold_out,,,missing_or_unclear,insufficient,insufficient,selected_date_calendar_sold_out,,,,missing_or_unclear,jalan_sold_out_excluded,false,false,true,sold_out_without_price,page_chrome_coupon_or_discount_evidence;tax_included_total_not_confirmed,,,/Users/gini/Documents/ZMI/zao-market-intelligence/.data/debug/auto-runner-market-refresh-rotating/20260625_200005/jalan/classification_decisions/yad325769_2027-02-06.json,zao_local_history_v1
2026-06-25|jalan|ペンション木いちご|yad325769|2027-02-11|2027-02-12|2_adults_1_room_1_night,fe091c3eb2f463e1acecc62df257e4272ab8fe3df6eaeaca5f4dee63c2b28be9,2027_02,2026-06-25,2026-06-25T20:00:05+09:00,2026-06-25T20:00:05+09:00,jalan,AUTO-RUNNER10X,integrated_jalan_bounded_live,ペンション木いちご,国内旅行・海外旅行や宿・ホテルの宿泊予約はじゃらんnet　～日本最大級の宿・ホテル予約サイト～,true,yad325769,yad325769,2027-02-11,2027-02-12,1,2,1,0,JPY,ja,2_adults_1_room_1_night,sold_out,sold_out,,,missing_or_unclear,insufficient,insufficient,selected_date_calendar_sold_out,,,,missing_or_unclear,jalan_sold_out_excluded,false,false,true,sold_out_without_price,page_chrome_coupon_or_discount_evidence;tax_included_total_not_confirmed,,,/Users/gini/Documents/ZMI/zao-market-intelligence/.data/debug/auto-runner-market-refresh-rotating/20260625_200005/jalan/classification_decisions/yad325769_2027-02-11.json,zao_local_history_v1
2026-06-26|jalan|ペンション木いちご|yad325769|2027-02-13|2027-02-14|2_adults_1_room_1_night,329f1c2aa5530ae485d1ec9c774db4b65901af943c204864dc2971c8c5a8d75f,2027_02,2026-06-26,2026-06-26T16:00:06+09:00,2026-06-26T16:00:06+09:00,jalan,AUTO-RUNNER10X,integrated_jalan_bounded_live,ペンション木いちご,国内旅行・海外旅行や宿・ホテルの宿泊予約はじゃらんnet　～日本最大級の宿・ホテル予約サイト～,true,yad325769,yad325769,2027-02-13,2027-02-14,1,2,1,0,JPY,ja,2_adults_1_room_1_night,sold_out,sold_out,,,missing_or_unclear,insufficient,insufficient,selected_date_calendar_sold_out,,,,missing_or_unclear,jalan_sold_out_excluded,false,false,true,sold_out_without_price,page_chrome_coupon_or_discount_evidence;tax_included_total_not_confirmed,,,/Users/gini/Documents/ZMI/zao-market-intelligence/.data/debug/auto-runner-market-refresh-rotating/20260626_160006/jalan/classification_decisions/yad325769_2027-02-13.json,zao_local_history_v1
2026-06-26|jalan|ペンション木いちご|yad325769|2027-02-06|2027-02-07|2_adults_1_room_1_night,070f989420ef805d78dac8f9c21b13b32b91b838e8bcd9ab90bc4fc5047c5ae5,2027_02,2026-06-26,2026-06-26T22:00:05+09:00,2026-06-26T22:00:05+09:00,jalan,AUTO-RUNNER10X,integrated_jalan_bounded_live,ペンション木いちご,国内旅行・海外旅行や宿・ホテルの宿泊予約はじゃらんnet　～日本最大級の宿・ホテル予約サイト～,true,yad325769,yad325769,2027-02-06,2027-02-07,1,2,1,0,JPY,ja,2_adults_1_room_1_night,sold_out,sold_out,,,missing_or_unclear,insufficient,insufficient,selected_date_calendar_sold_out,,,,missing_or_unclear,jalan_sold_out_excluded,false,false,true,sold_out_without_price,page_chrome_coupon_or_discount_evidence;tax_included_total_not_confirmed,,,/Users/gini/Documents/ZMI/zao-market-intelligence/.data/debug/auto-runner-market-refresh-rotating/20260626_220005/jalan/classification_decisions/yad325769_2027-02-06.json,zao_local_history_v1
2026-06-27|jalan|ペンション木いちご|yad325769|2027-02-11|2027-02-12|2_adults_1_room_1_night,21dbb017e2f8f2aabab6f044ef14425421984a56117ac76d9190519622126320,2027_02,2026-06-27,2026-06-27T00:00:01+09:00,2026-06-27T00:00:01+09:00,jalan,AUTO-RUNNER10X,integrated_jalan_bounded_live,ペンション木いちご,国内旅行・海外旅行や宿・ホテルの宿泊予約はじゃらんnet　～日本最大級の宿・ホテル予約サイト～,true,yad325769,yad325769,2027-02-11,2027-02-12,1,2,1,0,JPY,ja,2_adults_1_room_1_night,sold_out,sold_out,,,missing_or_unclear,insufficient,insufficient,selected_date_calendar_sold_out,,,,missing_or_unclear,jalan_sold_out_excluded,false,false,true,sold_out_without_price,page_chrome_coupon_or_discount_evidence;tax_included_total_not_confirmed,,,/Users/gini/Documents/ZMI/zao-market-intelligence/.data/debug/auto-runner-market-refresh-rotating/20260627_000001/jalan/classification_decisions/yad325769_2027-02-11.json,zao_local_history_v1
2026-06-28|jalan|ペンション木いちご|yad325769|2027-02-06|2027-02-07|2_adults_1_room_1_night,ba0523eb6698841d3ae769f701b7b24d77f59b0fac53b11b7b439584ec98419c,2027_02,2026-06-28,2026-06-28T00:00:07+09:00,2026-06-28T00:00:07+09:00,jalan,AUTO-RUNNER10X,integrated_jalan_bounded_live,ペンション木いちご,国内旅行・海外旅行や宿・ホテルの宿泊予約はじゃらんnet　～日本最大級の宿・ホテル予約サイト～,true,yad325769,yad325769,2027-02-06,2027-02-07,1,2,1,0,JPY,ja,2_adults_1_room_1_night,sold_out,sold_out,,,missing_or_unclear,insufficient,insufficient,selected_date_calendar_sold_out,,,,missing_or_unclear,jalan_sold_out_excluded,false,false,true,sold_out_without_price,page_chrome_coupon_or_discount_evidence;tax_included_total_not_confirmed,,,/Users/gini/Documents/ZMI/zao-market-intelligence/.data/debug/auto-runner-market-refresh-rotating/20260628_000006/jalan/classification_decisions/yad325769_2027-02-06.json,zao_local_history_v1
2026-06-28|jalan|ペンション木いちご|yad325769|2027-02-11|2027-02-12|2_adults_1_room_1_night,4475566c27c8bb49fff94f34ccce6d94737cbfc757699cd32a5f90bbedc79c58,2027_02,2026-06-28,2026-06-28T02:00:05+09:00,2026-06-28T02:00:05+09:00,jalan,AUTO-RUNNER10X,integrated_jalan_bounded_live,ペンション木いちご,国内旅行・海外旅行や宿・ホテルの宿泊予約はじゃらんnet　～日本最大級の宿・ホテル予約サイト～,true,yad325769,yad325769,2027-02-11,2027-02-12,1,2,1,0,JPY,ja,2_adults_1_room_1_night,sold_out,sold_out,,,missing_or_unclear,insufficient,insufficient,selected_date_calendar_sold_out,,,,missing_or_unclear,jalan_sold_out_excluded,false,false,true,sold_out_without_price,page_chrome_coupon_or_discount_evidence;tax_included_total_not_confirmed,,,/Users/gini/Documents/ZMI/zao-market-intelligence/.data/debug/auto-runner-market-refresh-rotating/20260628_020005/jalan/classification_decisions/yad325769_2027-02-11.json,zao_local_history_v1
2026-06-29|jalan|ペンション木いちご|yad325769|2027-02-06|2027-02-07|2_adults_1_room_1_night,4794861014b6253afae0a45296a56e4e6c375625cf29df96d239a9836d302f65,2027_02,2026-06-29,2026-06-29T00:00:06+09:00,2026-06-29T00:00:06+09:00,jalan,AUTO-RUNNER10X,integrated_jalan_bounded_live,ペンション木いちご,ペンション木いちご,true,yad325769,yad325769,2027-02-06,2027-02-07,1,2,1,0,JPY,ja,2_adults_1_room_1_night,failed,not_sold_out_confirmed,,,missing_or_unclear,insufficient,insufficient,Jalan status could not be determined conservatively.,,,,missing_or_unclear,jalan_failed_excluded,false,false,true,Jalan status could not be determined conservatively.,tax_included_total_not_confirmed;meal_condition_missing,,,/Users/gini/Documents/ZMI/zao-market-intelligence/.data/debug/auto-runner-market-refresh-rotating/20260629_000006/jalan/classification_decisions/yad325769_2027-02-06.json,zao_local_history_v1
2026-06-29|jalan|ペンション木いちご|yad325769|2027-02-11|2027-02-12|2_adults_1_room_1_night,170cc405454d7d73ff523cadc47e100dc199d73bcca88582a7a47c235da57567,2027_02,2026-06-29,2026-06-29T02:00:06+09:00,2026-06-29T02:00:06+09:00,jalan,AUTO-RUNNER10X,integrated_jalan_bounded_live,ペンション木いちご,ペンション木いちご,true,yad325769,yad325769,2027-02-11,2027-02-12,1,2,1,0,JPY,ja,2_adults_1_room_1_night,failed,not_sold_out_confirmed,,,missing_or_unclear,insufficient,insufficient,Jalan status could not be determined conservatively.,,,,missing_or_unclear,jalan_failed_excluded,false,false,true,Jalan status could not be determined conservatively.,tax_included_total_not_confirmed;meal_condition_missing,,,/Users/gini/Documents/ZMI/zao-market-intelligence/.data/debug/auto-runner-market-refresh-rotating/20260629_020006/jalan/classification_decisions/yad325769_2027-02-11.json,zao_local_history_v1
2026-06-30|jalan|ペンション木いちご|yad325769|2027-02-06|2027-02-07|2_adults_1_room_1_night,4ab95c6b453e9f8af6bd05db9e758070135e1591fafba75a652932a703513064,2027_02,2026-06-30,2026-06-30T02:00:06+09:00,2026-06-30T02:00:06+09:00,jalan,AUTO-RUNNER10X,integrated_jalan_bounded_live,ペンション木いちご,国内旅行・海外旅行や宿・ホテルの宿泊予約はじゃらんnet　～日本最大級の宿・ホテル予約サイト～,true,yad325769,yad325769,2027-02-06,2027-02-07,1,2,1,0,JPY,ja,2_adults_1_room_1_night,sold_out,sold_out,,,missing_or_unclear,insufficient,insufficient,selected_date_calendar_sold_out,,,,missing_or_unclear,jalan_sold_out_excluded,false,false,true,sold_out_without_price,tax_included_total_not_confirmed,,,/Users/gini/Documents/ZMI/zao-market-intelligence/.data/debug/auto-runner-market-refresh-rotating/20260630_020006/jalan/classification_decisions/yad325769_2027-02-06.json,zao_local_history_v1
2026-06-30|jalan|ペンション木いちご|yad325769|2027-02-11|2027-02-12|2_adults_1_room_1_night,832d0089d19f4f27c64ff7a96df447b0357d0fb4ee023ba9d9a8eea24bfdea48,2027_02,2026-06-30,2026-06-30T02:00:06+09:00,2026-06-30T02:00:06+09:00,jalan,AUTO-RUNNER10X,integrated_jalan_bounded_live,ペンション木いちご,国内旅行・海外旅行や宿・ホテルの宿泊予約はじゃらんnet　～日本最大級の宿・ホテル予約サイト～,true,yad325769,yad325769,2027-02-11,2027-02-12,1,2,1,0,JPY,ja,2_adults_1_room_1_night,sold_out,sold_out,,,missing_or_unclear,insufficient,insufficient,selected_date_calendar_sold_out,,,,missing_or_unclear,jalan_sold_out_excluded,false,false,true,sold_out_without_price,tax_included_total_not_confirmed,,,/Users/gini/Documents/ZMI/zao-market-intelligence/.data/debug/auto-runner-market-refresh-rotating/20260630_020006/jalan/classification_decisions/yad325769_2027-02-11.json,zao_local_history_v1
2026-07-01|jalan|ペンション木いちご|yad325769|2027-02-06|2027-02-07|2_adults_1_room_1_night,3b0be1758d732e0d0b59e4deecb27ca3a4af3ca0b08f93211f1af3cfa6399fdc,2027_02,2026-07-01,2026-07-01T02:00:02+09:00,2026-07-01T02:00:02+09:00,jalan,AUTO-RUNNER10X,integrated_jalan_bounded_live,ペンション木いちご,国内旅行・海外旅行や宿・ホテルの宿泊予約はじゃらんnet　～日本最大級の宿・ホテル予約サイト～,true,yad325769,yad325769,2027-02-06,2027-02-07,1,2,1,0,JPY,ja,2_adults_1_room_1_night,sold_out,sold_out,,,missing_or_unclear,insufficient,insufficient,selected_date_calendar_sold_out,,,,missing_or_unclear,jalan_sold_out_excluded,false,false,true,sold_out_without_price,tax_included_total_not_confirmed,,,/Users/gini/Documents/ZMI/zao-market-intelligence/.data/debug/auto-runner-market-refresh-rotating/20260701_020002/jalan/classification_decisions/yad325769_2027-02-06.json,zao_local_history_v1
2026-07-01|jalan|ペンション木いちご|yad325769|2027-02-11|2027-02-12|2_adults_1_room_1_night,df8e7735854303b28b4b54a47f496330949a604c2b6ff7191279cdf97b05378f,2027_02,2026-07-01,2026-07-01T02:00:02+09:00,2026-07-01T02:00:02+09:00,jalan,AUTO-RUNNER10X,integrated_jalan_bounded_live,ペンション木いちご,国内旅行・海外旅行や宿・ホテルの宿泊予約はじゃらんnet　～日本最大級の宿・ホテル予約サイト～,true,yad325769,yad325769,2027-02-11,2027-02-12,1,2,1,0,JPY,ja,2_adults_1_room_1_night,sold_out,sold_out,,,missing_or_unclear,insufficient,insufficient,selected_date_calendar_sold_out,,,,missing_or_unclear,jalan_sold_out_excluded,false,false,true,sold_out_without_price,tax_included_total_not_confirmed,,,/Users/gini/Documents/ZMI/zao-market-intelligence/.data/debug/auto-runner-market-refresh-rotating/20260701_020002/jalan/classification_decisions/yad325769_2027-02-11.json,zao_local_history_v1
2026-07-01|jalan|ペンション木いちご|yad325769|2027-02-13|2027-02-14|2_adults_1_room_1_night,12ec12bfd148b437a93aa89a1f0ce308c5a57ab853b478957c605e8080a2093d,2027_02,2026-07-01,2026-07-01T04:00:06+09:00,2026-07-01T04:00:06+09:00,jalan,AUTO-RUNNER10X,integrated_jalan_bounded_live,ペンション木いちご,国内旅行・海外旅行や宿・ホテルの宿泊予約はじゃらんnet　～日本最大級の宿・ホテル予約サイト～,true,yad325769,yad325769,2027-02-13,2027-02-14,1,2,1,0,JPY,ja,2_adults_1_room_1_night,sold_out,sold_out,,,missing_or_unclear,insufficient,insufficient,selected_date_calendar_sold_out,,,,missing_or_unclear,jalan_sold_out_excluded,false,false,true,sold_out_without_price,tax_included_total_not_confirmed,,,/Users/gini/Documents/ZMI/zao-market-intelligence/.data/debug/auto-runner-market-refresh-rotating/20260701_040006/jalan/classification_decisions/yad325769_2027-02-13.json,zao_local_history_v1
2026-07-02|jalan|ペンション木いちご|yad325769|2027-02-06|2027-02-07|2_adults_1_room_1_night,2dc664e21eb15ae923df7b4424bba6a1828578c09c1fb0e85a1219b9653fb616,2027_02,2026-07-02,2026-07-02T10:00:05+09:00,2026-07-02T10:00:05+09:00,jalan,AUTO-RUNNER10X,integrated_jalan_bounded_live,ペンション木いちご,国内旅行・海外旅行や宿・ホテルの宿泊予約はじゃらんnet　～日本最大級の宿・ホテル予約サイト～,true,yad325769,yad325769,2027-02-06,2027-02-07,1,2,1,0,JPY,ja,2_adults_1_room_1_night,sold_out,sold_out,,,missing_or_unclear,insufficient,insufficient,price_basis_or_date_scope_unclear,,,,missing_or_unclear,jalan_sold_out_excluded,false,false,true,sold_out_without_price,page_chrome_coupon_or_discount_evidence;tax_included_total_not_confirmed,,,/Users/gini/Documents/ZMI/zao-market-intelligence/.data/debug/auto-runner-market-refresh-rotating/20260702_100005/jalan/classification_decisions/yad325769_2027-02-06.json,zao_local_history_v1
2026-07-02|jalan|ペンション木いちご|yad325769|2027-02-11|2027-02-12|2_adults_1_room_1_night,3084925ab4594d16eee931b7fc04b07856078b5dfb549f943c5df38d309e62c1,2027_02,2026-07-02,2026-07-02T12:00:06+09:00,2026-07-02T12:00:06+09:00,jalan,AUTO-RUNNER10X,integrated_jalan_bounded_live,ペンション木いちご,国内旅行・海外旅行や宿・ホテルの宿泊予約はじゃらんnet　～日本最大級の宿・ホテル予約サイト～,true,yad325769,yad325769,2027-02-11,2027-02-12,1,2,1,0,JPY,ja,2_adults_1_room_1_night,sold_out,sold_out,,,missing_or_unclear,insufficient,insufficient,selected_date_calendar_sold_out,,,,missing_or_unclear,jalan_sold_out_excluded,false,false,true,sold_out_without_price,page_chrome_coupon_or_discount_evidence;tax_included_total_not_confirmed,,,/Users/gini/Documents/ZMI/zao-market-intelligence/.data/debug/auto-runner-market-refresh-rotating/20260702_120006/jalan/classification_decisions/yad325769_2027-02-11.json,zao_local_history_v1
2026-07-03|jalan|ペンション木いちご|yad325769|2027-02-13|2027-02-14|2_adults_1_room_1_night,cc5a3bd44455525b690c58e3fa316a50c915dd657d4321b64bee2708ae3450f6,2027_02,2026-07-03,2026-07-03T06:00:06+09:00,2026-07-03T06:00:06+09:00,jalan,AUTO-RUNNER10X,integrated_jalan_bounded_live,ペンション木いちご,国内旅行・海外旅行や宿・ホテルの宿泊予約はじゃらんnet　～日本最大級の宿・ホテル予約サイト～,true,yad325769,yad325769,2027-02-13,2027-02-14,1,2,1,0,JPY,ja,2_adults_1_room_1_night,sold_out,sold_out,,,missing_or_unclear,insufficient,insufficient,selected_date_calendar_sold_out,,,,missing_or_unclear,jalan_sold_out_excluded,false,false,true,sold_out_without_price,page_chrome_coupon_or_discount_evidence;tax_included_total_not_confirmed,,,/Users/gini/Documents/ZMI/zao-market-intelligence/.data/debug/auto-runner-market-refresh-rotating/20260703_060006/jalan/classification_decisions/yad325769_2027-02-13.json,zao_local_history_v1
2026-07-03|jalan|ペンション木いちご|yad325769|2027-02-06|2027-02-07|2_adults_1_room_1_night,5a25e3e1eced22c868166bf73e0cf1f0ee4263c7f7107576b94db51ba864ac65,2027_02,2026-07-03,2026-07-03T20:00:06+09:00,2026-07-03T20:00:06+09:00,jalan,AUTO-RUNNER10X,integrated_jalan_bounded_live,ペンション木いちご,国内旅行・海外旅行や宿・ホテルの宿泊予約はじゃらんnet　～日本最大級の宿・ホテル予約サイト～,true,yad325769,yad325769,2027-02-06,2027-02-07,1,2,1,0,JPY,ja,2_adults_1_room_1_night,sold_out,sold_out,,,missing_or_unclear,insufficient,insufficient,selected_date_calendar_sold_out,,,,missing_or_unclear,jalan_sold_out_excluded,false,false,true,sold_out_without_price,page_chrome_coupon_or_discount_evidence;tax_included_total_not_confirmed,,,/Users/gini/Documents/ZMI/zao-market-intelligence/.data/debug/auto-runner-market-refresh-rotating/20260703_200006/jalan/classification_decisions/yad325769_2027-02-06.json,zao_local_history_v1
2026-07-04|jalan|ペンション木いちご|yad325769|2027-02-11|2027-02-12|2_adults_1_room_1_night,7dcd843d54065656bc380b90a7bf1cc3b00b00b0ae566dc9bfccbc533e88ac59,2027_02,2026-07-04,2026-07-04T02:00:05+09:00,2026-07-04T02:00:05+09:00,jalan,AUTO-RUNNER10X,integrated_jalan_bounded_live,ペンション木いちご,国内旅行・海外旅行や宿・ホテルの宿泊予約はじゃらんnet　～日本最大級の宿・ホテル予約サイト～,true,yad325769,yad325769,2027-02-11,2027-02-12,1,2,1,0,JPY,ja,2_adults_1_room_1_night,sold_out,sold_out,,,missing_or_unclear,insufficient,insufficient,selected_date_calendar_sold_out,,,,missing_or_unclear,jalan_sold_out_excluded,false,false,true,sold_out_without_price,page_chrome_coupon_or_discount_evidence;tax_included_total_not_confirmed,,,/Users/gini/Documents/ZMI/zao-market-intelligence/.data/debug/auto-runner-market-refresh-rotating/20260704_020005/jalan/classification_decisions/yad325769_2027-02-11.json,zao_local_history_v1
2026-07-05|jalan|ペンション木いちご|yad325769|2027-02-06|2027-02-07|2_adults_1_room_1_night,85a3302151b4440e7ca184549588184336334fde54bff888df3ed0d8e2b65969,2027_02,2026-07-05,2026-07-05T00:00:01+09:00,2026-07-05T00:00:01+09:00,jalan,AUTO-RUNNER10X,integrated_jalan_bounded_live,ペンション木いちご,国内旅行・海外旅行や宿・ホテルの宿泊予約はじゃらんnet　～日本最大級の宿・ホテル予約サイト～,true,yad325769,yad325769,2027-02-06,2027-02-07,1,2,1,0,JPY,ja,2_adults_1_room_1_night,sold_out,sold_out,,,missing_or_unclear,insufficient,insufficient,selected_date_calendar_sold_out,,,,missing_or_unclear,jalan_sold_out_excluded,false,false,true,sold_out_without_price,page_chrome_coupon_or_discount_evidence;tax_included_total_not_confirmed,,,/Users/gini/Documents/ZMI/zao-market-intelligence/.data/debug/auto-runner-market-refresh-rotating/20260705_000001/jalan/classification_decisions/yad325769_2027-02-06.json,zao_local_history_v1
2026-07-05|jalan|ペンション木いちご|yad325769|2027-02-11|2027-02-12|2_adults_1_room_1_night,8824f314ed4ed420e6c4e904c8558bf336bc7e277c0d917d7ace530f8eb30401,2027_02,2026-07-05,2026-07-05T06:00:05+09:00,2026-07-05T06:00:05+09:00,jalan,AUTO-RUNNER10X,integrated_jalan_bounded_live,ペンション木いちご,国内旅行・海外旅行や宿・ホテルの宿泊予約はじゃらんnet　～日本最大級の宿・ホテル予約サイト～,true,yad325769,yad325769,2027-02-11,2027-02-12,1,2,1,0,JPY,ja,2_adults_1_room_1_night,sold_out,sold_out,,,missing_or_unclear,insufficient,insufficient,selected_date_calendar_sold_out,,,,missing_or_unclear,jalan_sold_out_excluded,false,false,true,sold_out_without_price,page_chrome_coupon_or_discount_evidence;tax_included_total_not_confirmed,,,/Users/gini/Documents/ZMI/zao-market-intelligence/.data/debug/auto-runner-market-refresh-rotating/20260705_060005/jalan/classification_decisions/yad325769_2027-02-11.json,zao_local_history_v1
2026-07-05|jalan|ペンション木いちご|yad325769|2027-02-13|2027-02-14|2_adults_1_room_1_night,01c5b8c38f376ad7d63b6616ab290e6b93989a3c56578451b4406b49473470f1,2027_02,2026-07-05,2026-07-05T12:00:05+09:00,2026-07-05T12:00:05+09:00,jalan,AUTO-RUNNER10X,integrated_jalan_bounded_live,ペンション木いちご,国内旅行・海外旅行や宿・ホテルの宿泊予約はじゃらんnet　～日本最大級の宿・ホテル予約サイト～,true,yad325769,yad325769,2027-02-13,2027-02-14,1,2,1,0,JPY,ja,2_adults_1_room_1_night,sold_out,sold_out,,,missing_or_unclear,insufficient,insufficient,selected_date_calendar_sold_out,,,,missing_or_unclear,jalan_sold_out_excluded,false,false,true,sold_out_without_price,page_chrome_coupon_or_discount_evidence;tax_included_total_not_confirmed,,,/Users/gini/Documents/ZMI/zao-market-intelligence/.data/debug/auto-runner-market-refresh-rotating/20260705_120005/jalan/classification_decisions/yad325769_2027-02-13.json,zao_local_history_v1
2026-07-06|jalan|ペンション木いちご|yad325769|2027-02-06|2027-02-07|2_adults_1_room_1_night,52b48df5898331012ac32434960b5492d6b4fe967a77ddaf905144e82092b144,2027_02,2026-07-06,2026-07-06T12:00:06+09:00,2026-07-06T12:00:06+09:00,jalan,AUTO-RUNNER10X,integrated_jalan_bounded_live,ペンション木いちご,国内旅行・海外旅行や宿・ホテルの宿泊予約はじゃらんnet　～日本最大級の宿・ホテル予約サイト～,true,yad325769,yad325769,2027-02-06,2027-02-07,1,2,1,0,JPY,ja,2_adults_1_room_1_night,sold_out,sold_out,,,missing_or_unclear,insufficient,insufficient,selected_date_calendar_sold_out,,,,missing_or_unclear,jalan_sold_out_excluded,false,false,true,sold_out_without_price,page_chrome_coupon_or_discount_evidence;tax_included_total_not_confirmed,,,/Users/gini/Documents/ZMI/zao-market-intelligence/.data/debug/auto-runner-market-refresh-rotating/20260706_120006/jalan/classification_decisions/yad325769_2027-02-06.json,zao_local_history_v1
2026-07-06|jalan|ペンション木いちご|yad325769|2027-02-11|2027-02-12|2_adults_1_room_1_night,494953efddcf5b7c23c0b010191d37164882f9ad34925b44f8bad9cb00aa0cb9,2027_02,2026-07-06,2026-07-06T14:00:06+09:00,2026-07-06T14:00:06+09:00,jalan,AUTO-RUNNER10X,integrated_jalan_bounded_live,ペンション木いちご,国内旅行・海外旅行や宿・ホテルの宿泊予約はじゃらんnet　～日本最大級の宿・ホテル予約サイト～,true,yad325769,yad325769,2027-02-11,2027-02-12,1,2,1,0,JPY,ja,2_adults_1_room_1_night,sold_out,sold_out,,,missing_or_unclear,insufficient,insufficient,selected_date_calendar_sold_out,,,,missing_or_unclear,jalan_sold_out_excluded,false,false,true,sold_out_without_price,page_chrome_coupon_or_discount_evidence;tax_included_total_not_confirmed,,,/Users/gini/Documents/ZMI/zao-market-intelligence/.data/debug/auto-runner-market-refresh-rotating/20260706_140006/jalan/classification_decisions/yad325769_2027-02-11.json,zao_local_history_v1
2026-07-06|jalan|ペンション木いちご|yad325769|2027-02-13|2027-02-14|2_adults_1_room_1_night,2845fce9b794e6f4403c8bfc66216b6e3a2c402e14d71ad0bcf8b03b3d08bc7b,2027_02,2026-07-06,2026-07-06T18:00:07+09:00,2026-07-06T18:00:07+09:00,jalan,AUTO-RUNNER10X,integrated_jalan_bounded_live,ペンション木いちご,国内旅行・海外旅行や宿・ホテルの宿泊予約はじゃらんnet　～日本最大級の宿・ホテル予約サイト～,true,yad325769,yad325769,2027-02-13,2027-02-14,1,2,1,0,JPY,ja,2_adults_1_room_1_night,sold_out,sold_out,,,missing_or_unclear,insufficient,insufficient,selected_date_calendar_sold_out,,,,missing_or_unclear,jalan_sold_out_excluded,false,false,true,sold_out_without_price,page_chrome_coupon_or_discount_evidence;tax_included_total_not_confirmed,,,/Users/gini/Documents/ZMI/zao-market-intelligence/.data/debug/auto-runner-market-refresh-rotating/20260706_180007/jalan/classification_decisions/yad325769_2027-02-13.json,zao_local_history_v1
2026-07-07|jalan|ペンション木いちご|yad325769|2027-02-06|2027-02-07|2_adults_1_room_1_night,e19c6d2da27245827cd08e426e86e2e136f582d6fd82fdcb94cc815a515dd363,2027_02,2026-07-07,2026-07-07T18:00:06+09:00,2026-07-07T18:00:06+09:00,jalan,AUTO-RUNNER10X,integrated_jalan_bounded_live,ペンション木いちご,国内旅行・海外旅行や宿・ホテルの宿泊予約はじゃらんnet　～日本最大級の宿・ホテル予約サイト～,true,yad325769,yad325769,2027-02-06,2027-02-07,1,2,1,0,JPY,ja,2_adults_1_room_1_night,sold_out,sold_out,,,missing_or_unclear,insufficient,insufficient,selected_date_calendar_sold_out,,,,missing_or_unclear,jalan_sold_out_excluded,false,false,true,sold_out_without_price,page_chrome_coupon_or_discount_evidence;tax_included_total_not_confirmed,,,/Users/gini/Documents/ZMI/zao-market-intelligence/.data/debug/auto-runner-market-refresh-rotating/20260707_180006/jalan/classification_decisions/yad325769_2027-02-06.json,zao_local_history_v1
2026-07-08|jalan|ペンション木いちご|yad325769|2027-02-11|2027-02-12|2_adults_1_room_1_night,42289afc1048e299ae31284e94f2ede6ae0474f3d22f2e89333abef39a94430e,2027_02,2026-07-08,2026-07-08T04:00:06+09:00,2026-07-08T04:00:06+09:00,jalan,AUTO-RUNNER10X,integrated_jalan_bounded_live,ペンション木いちご,国内旅行・海外旅行や宿・ホテルの宿泊予約はじゃらんnet　～日本最大級の宿・ホテル予約サイト～,true,yad325769,yad325769,2027-02-11,2027-02-12,1,2,1,0,JPY,ja,2_adults_1_room_1_night,sold_out,sold_out,,,missing_or_unclear,insufficient,insufficient,selected_date_calendar_sold_out,,,,missing_or_unclear,jalan_sold_out_excluded,false,false,true,sold_out_without_price,page_chrome_coupon_or_discount_evidence;tax_included_total_not_confirmed,,,/Users/gini/Documents/ZMI/zao-market-intelligence/.data/debug/auto-runner-market-refresh-rotating/20260708_040006/jalan/classification_decisions/yad325769_2027-02-11.json,zao_local_history_v1
2026-07-08|jalan|ペンション木いちご|yad325769|2027-02-06|2027-02-07|2_adults_1_room_1_night,c6963286252b9d4455163b54f4e316f86e3c4ef4e11d23b45eae07adf497c86f,2027_02,2026-07-08,2026-07-08T18:00:06+09:00,2026-07-08T18:00:06+09:00,jalan,AUTO-RUNNER10X,integrated_jalan_bounded_live,ペンション木いちご,国内旅行・海外旅行や宿・ホテルの宿泊予約はじゃらんnet　～日本最大級の宿・ホテル予約サイト～,true,yad325769,yad325769,2027-02-06,2027-02-07,1,2,1,0,JPY,ja,2_adults_1_room_1_night,sold_out,sold_out,,,missing_or_unclear,insufficient,insufficient,selected_date_calendar_sold_out,,,,missing_or_unclear,jalan_sold_out_excluded,false,false,true,sold_out_without_price,page_chrome_coupon_or_discount_evidence;tax_included_total_not_confirmed,,,/Users/gini/Documents/ZMI/zao-market-intelligence/.data/debug/auto-runner-market-refresh-rotating/20260708_180006/jalan/classification_decisions/yad325769_2027-02-06.json,zao_local_history_v1
2026-07-08|jalan|ペンション木いちご|yad325769|2027-02-13|2027-02-14|2_adults_1_room_1_night,a2c507afa9ccd9fdc853e172b5ed509ac0f75c650483d338cac019d486308200,2027_02,2026-07-08,2026-07-08T22:00:06+09:00,2026-07-08T22:00:06+09:00,jalan,AUTO-RUNNER10X,integrated_jalan_bounded_live,ペンション木いちご,国内旅行・海外旅行や宿・ホテルの宿泊予約はじゃらんnet　～日本最大級の宿・ホテル予約サイト～,true,yad325769,yad325769,2027-02-13,2027-02-14,1,2,1,0,JPY,ja,2_adults_1_room_1_night,sold_out,sold_out,,,missing_or_unclear,insufficient,insufficient,selected_date_calendar_sold_out,,,,missing_or_unclear,jalan_sold_out_excluded,false,false,true,sold_out_without_price,page_chrome_coupon_or_discount_evidence;tax_included_total_not_confirmed,,,/Users/gini/Documents/ZMI/zao-market-intelligence/.data/debug/auto-runner-market-refresh-rotating/20260708_220006/jalan/classification_decisions/yad325769_2027-02-13.json,zao_local_history_v1
2026-07-09|jalan|ペンション木いちご|yad325769|2027-02-06|2027-02-07|2_adults_1_room_1_night,cc0d1040221292f315d516fc3018d3bddd583cec76be72fb2774482ae914bc49,2027_02,2026-07-09,2026-07-09T22:00:06+09:00,2026-07-09T22:00:06+09:00,jalan,AUTO-RUNNER10X,integrated_jalan_bounded_live,ペンション木いちご,国内旅行・海外旅行や宿・ホテルの宿泊予約はじゃらんnet　～日本最大級の宿・ホテル予約サイト～,true,yad325769,yad325769,2027-02-06,2027-02-07,1,2,1,0,JPY,ja,2_adults_1_room_1_night,sold_out,sold_out,,,missing_or_unclear,insufficient,insufficient,selected_date_calendar_sold_out,,,,missing_or_unclear,jalan_sold_out_excluded,false,false,true,sold_out_without_price,page_chrome_coupon_or_discount_evidence;tax_included_total_not_confirmed,,,/Users/gini/Documents/ZMI/zao-market-intelligence/.data/debug/auto-runner-market-refresh-rotating/20260709_220006/jalan/classification_decisions/yad325769_2027-02-06.json,zao_local_history_v1
2026-07-10|jalan|ペンション木いちご|yad325769|2027-02-06|2027-02-07|2_adults_1_room_1_night,cde6efe635570da6baa581e6599c7e065f4c249947500193bd847434ef334db3,2027_02,2026-07-10,2026-07-10T22:00:06+09:00,2026-07-10T22:00:06+09:00,jalan,AUTO-RUNNER10X,integrated_jalan_bounded_live,ペンション木いちご,国内旅行・海外旅行や宿・ホテルの宿泊予約はじゃらんnet　～日本最大級の宿・ホテル予約サイト～,true,yad325769,yad325769,2027-02-06,2027-02-07,1,2,1,0,JPY,ja,2_adults_1_room_1_night,sold_out,sold_out,,,missing_or_unclear,insufficient,insufficient,selected_date_calendar_sold_out,,,,missing_or_unclear,jalan_sold_out_excluded,false,false,true,sold_out_without_price,page_chrome_coupon_or_discount_evidence;tax_included_total_not_confirmed,,,/Users/gini/Documents/ZMI/zao-market-intelligence/.data/debug/auto-runner-market-refresh-rotating/20260710_220006/jalan/classification_decisions/yad325769_2027-02-06.json,zao_local_history_v1
2026-07-11|jalan|ペンション木いちご|yad325769|2027-02-11|2027-02-12|2_adults_1_room_1_night,93690e7ee92d2b8d2548904fc77643033cbcc8d55fe8ccefb50e9b11cc9723c3,2027_02,2026-07-11,2026-07-11T00:00:01+09:00,2026-07-11T00:00:01+09:00,jalan,AUTO-RUNNER10X,integrated_jalan_bounded_live,ペンション木いちご,国内旅行・海外旅行や宿・ホテルの宿泊予約はじゃらんnet　～日本最大級の宿・ホテル予約サイト～,true,yad325769,yad325769,2027-02-11,2027-02-12,1,2,1,0,JPY,ja,2_adults_1_room_1_night,sold_out,sold_out,,,missing_or_unclear,insufficient,insufficient,selected_date_calendar_sold_out,,,,missing_or_unclear,jalan_sold_out_excluded,false,false,true,sold_out_without_price,page_chrome_coupon_or_discount_evidence;tax_included_total_not_confirmed,,,/Users/gini/Documents/ZMI/zao-market-intelligence/.data/debug/auto-runner-market-refresh-rotating/20260711_000001/jalan/classification_decisions/yad325769_2027-02-11.json,zao_local_history_v1
2026-07-12|jalan|ペンション木いちご|yad325769|2027-02-06|2027-02-07|2_adults_1_room_1_night,f2403c2e2feab47871089f44268724135a8348eba02c0d5ad4a2ac95c0efea6a,2027_02,2026-07-12,2026-07-12T00:00:06+09:00,2026-07-12T00:00:06+09:00,jalan,AUTO-RUNNER10X,integrated_jalan_bounded_live,ペンション木いちご,国内旅行・海外旅行や宿・ホテルの宿泊予約はじゃらんnet　～日本最大級の宿・ホテル予約サイト～,true,yad325769,yad325769,2027-02-06,2027-02-07,1,2,1,0,JPY,ja,2_adults_1_room_1_night,sold_out,sold_out,,,missing_or_unclear,insufficient,insufficient,selected_date_calendar_sold_out,,,,missing_or_unclear,jalan_sold_out_excluded,false,false,true,sold_out_without_price,page_chrome_coupon_or_discount_evidence;tax_included_total_not_confirmed,,,/Users/gini/Documents/ZMI/zao-market-intelligence/.data/debug/auto-runner-market-refresh-rotating/20260712_000006/jalan/classification_decisions/yad325769_2027-02-06.json,zao_local_history_v1
2026-07-12|jalan|ペンション木いちご|yad325769|2027-02-11|2027-02-12|2_adults_1_room_1_night,f910e04085f25f4c9a0e646d0d2b5e54de02cdcb63ad3fca938a199e74ea6f28,2027_02,2026-07-12,2026-07-12T12:00:00+09:00,2026-07-12T12:00:00+09:00,jalan,AUTO-RUNNER10X,integrated_jalan_bounded_live,ペンション木いちご,国内旅行・海外旅行や宿・ホテルの宿泊予約はじゃらんnet　～日本最大級の宿・ホテル予約サイト～,true,yad325769,yad325769,2027-02-11,2027-02-12,1,2,1,0,JPY,ja,2_adults_1_room_1_night,sold_out,sold_out,,,missing_or_unclear,insufficient,insufficient,selected_date_calendar_sold_out,,,,missing_or_unclear,jalan_sold_out_excluded,false,false,true,sold_out_without_price,page_chrome_coupon_or_discount_evidence;tax_included_total_not_confirmed,,,/Users/gini/Documents/ZMI/zao-market-intelligence/.data/debug/auto-runner-market-refresh-rotating/20260712_120000/jalan/classification_decisions/yad325769_2027-02-11.json,zao_local_history_v1
2026-07-12|jalan|ペンション木いちご|yad325769|2027-02-13|2027-02-14|2_adults_1_room_1_night,09bb05bddb7601dd691544b4dca6c601fe2a0685f9287758e65a11b42bef8968,2027_02,2026-07-12,2026-07-12T14:00:01+09:00,2026-07-12T14:00:01+09:00,jalan,AUTO-RUNNER10X,integrated_jalan_bounded_live,ペンション木いちご,国内旅行・海外旅行や宿・ホテルの宿泊予約はじゃらんnet　～日本最大級の宿・ホテル予約サイト～,true,yad325769,yad325769,2027-02-13,2027-02-14,1,2,1,0,JPY,ja,2_adults_1_room_1_night,sold_out,sold_out,,,missing_or_unclear,insufficient,insufficient,selected_date_calendar_sold_out,,,,missing_or_unclear,jalan_sold_out_excluded,false,false,true,sold_out_without_price,page_chrome_coupon_or_discount_evidence;tax_included_total_not_confirmed,,,/Users/gini/Documents/ZMI/zao-market-intelligence/.data/debug/auto-runner-market-refresh-rotating/20260712_140000/jalan/classification_decisions/yad325769_2027-02-13.json,zao_local_history_v1
2026-07-12|jalan|ペンション木いちご|yad325769|2027-02-20|2027-02-21|2_adults_1_room_1_night,32b9c8876ef545c4a2f84fc375e1592529b3150179f68038b76284116332ee63,2027_02,2026-07-12,2026-07-12T16:00:06+09:00,2026-07-12T16:00:06+09:00,jalan,AUTO-RUNNER10X,integrated_jalan_bounded_live,ペンション木いちご,国内旅行・海外旅行や宿・ホテルの宿泊予約はじゃらんnet　～日本最大級の宿・ホテル予約サイト～,true,yad325769,yad325769,2027-02-20,2027-02-21,1,2,1,0,JPY,ja,2_adults_1_room_1_night,sold_out,sold_out,,,missing_or_unclear,insufficient,insufficient,selected_date_calendar_sold_out,,,,missing_or_unclear,jalan_sold_out_excluded,false,false,true,sold_out_without_price,page_chrome_coupon_or_discount_evidence;tax_included_total_not_confirmed,,,/Users/gini/Documents/ZMI/zao-market-intelligence/.data/debug/auto-runner-market-refresh-rotating/20260712_160006/jalan/classification_decisions/yad325769_2027-02-20.json,zao_local_history_v1
2026-07-13|jalan|ペンション木いちご|yad325769|2027-02-06|2027-02-07|2_adults_1_room_1_night,5f88a7aee3467de50cbe8d0c318193164228d7b5d2d4cba86ac556a700b0307e,2027_02,2026-07-13,2026-07-13T00:00:02+09:00,2026-07-13T00:00:02+09:00,jalan,AUTO-RUNNER10X,integrated_jalan_bounded_live,ペンション木いちご,国内旅行・海外旅行や宿・ホテルの宿泊予約はじゃらんnet　～日本最大級の宿・ホテル予約サイト～,true,yad325769,yad325769,2027-02-06,2027-02-07,1,2,1,0,JPY,ja,2_adults_1_room_1_night,sold_out,sold_out,,,missing_or_unclear,insufficient,insufficient,selected_date_calendar_sold_out,,,,missing_or_unclear,jalan_sold_out_excluded,false,false,true,sold_out_without_price,page_chrome_coupon_or_discount_evidence;tax_included_total_not_confirmed,,,/Users/gini/Documents/ZMI/zao-market-intelligence/.data/debug/auto-runner-market-refresh-rotating/20260713_000001/jalan/classification_decisions/yad325769_2027-02-06.json,zao_local_history_v1
2026-07-13|jalan|ペンション木いちご|yad325769|2027-02-23|2027-02-24|2_adults_1_room_1_night,f74e4c60b3b6bc78e7252f90e93a2f9eed48fefc1f769b10a3cbe5b78c4a8459,2027_02,2026-07-13,2026-07-13T02:00:06+09:00,2026-07-13T02:00:06+09:00,jalan,AUTO-RUNNER10X,integrated_jalan_bounded_live,ペンション木いちご,国内旅行・海外旅行や宿・ホテルの宿泊予約はじゃらんnet　～日本最大級の宿・ホテル予約サイト～,true,yad325769,yad325769,2027-02-23,2027-02-24,1,2,1,0,JPY,ja,2_adults_1_room_1_night,sold_out,sold_out,,,missing_or_unclear,insufficient,insufficient,selected_date_calendar_sold_out,,,,missing_or_unclear,jalan_sold_out_excluded,false,false,true,sold_out_without_price,page_chrome_coupon_or_discount_evidence;tax_included_total_not_confirmed,,,/Users/gini/Documents/ZMI/zao-market-intelligence/.data/debug/auto-runner-market-refresh-rotating/20260713_020006/jalan/classification_decisions/yad325769_2027-02-23.json,zao_local_history_v1
2026-07-13|jalan|ペンション木いちご|yad325769|2027-02-11|2027-02-12|2_adults_1_room_1_night,97150c2bad0f468ddde7915b875908eb341f96735519080778e25c6d604760da,2027_02,2026-07-13,2026-07-13T14:00:07+09:00,2026-07-13T14:00:07+09:00,jalan,AUTO-RUNNER10X,integrated_jalan_bounded_live,ペンション木いちご,国内旅行・海外旅行や宿・ホテルの宿泊予約はじゃらんnet　～日本最大級の宿・ホテル予約サイト～,true,yad325769,yad325769,2027-02-11,2027-02-12,1,2,1,0,JPY,ja,2_adults_1_room_1_night,sold_out,sold_out,,,missing_or_unclear,insufficient,insufficient,selected_date_calendar_sold_out,,,,missing_or_unclear,jalan_sold_out_excluded,false,false,true,sold_out_without_price,page_chrome_coupon_or_discount_evidence;tax_included_total_not_confirmed,,,/Users/gini/Documents/ZMI/zao-market-intelligence/.data/debug/auto-runner-market-refresh-rotating/20260713_140006/jalan/classification_decisions/yad325769_2027-02-11.json,zao_local_history_v1
2026-07-13|jalan|ペンション木いちご|yad325769|2027-02-13|2027-02-14|2_adults_1_room_1_night,f4762146b14c6a9a724249925ffebc21c1439dd6441e436f20ff210ee1b6bb20,2027_02,2026-07-13,2026-07-13T14:00:07+09:00,2026-07-13T14:00:07+09:00,jalan,AUTO-RUNNER10X,integrated_jalan_bounded_live,ペンション木いちご,国内旅行・海外旅行や宿・ホテルの宿泊予約はじゃらんnet　～日本最大級の宿・ホテル予約サイト～,true,yad325769,yad325769,2027-02-13,2027-02-14,1,2,1,0,JPY,ja,2_adults_1_room_1_night,sold_out,sold_out,,,missing_or_unclear,insufficient,insufficient,selected_date_calendar_sold_out,,,,missing_or_unclear,jalan_sold_out_excluded,false,false,true,sold_out_without_price,page_chrome_coupon_or_discount_evidence;tax_included_total_not_confirmed,,,/Users/gini/Documents/ZMI/zao-market-intelligence/.data/debug/auto-runner-market-refresh-rotating/20260713_140006/jalan/classification_decisions/yad325769_2027-02-13.json,zao_local_history_v1
